-- Generated by Craft v2.5.2761 on Feb 2, 2016, 5:41:29 AM.

--
-- Disable foreign key checks and autocommit.
--

SET FOREIGN_KEY_CHECKS = 0;
SET SQL_MODE = "NO_AUTO_VALUE_ON_ZERO";
SET AUTOCOMMIT = 0;
SET NAMES utf8;


DROP TABLE IF EXISTS `craft_assetfiles`;


--
-- Schema for table `craft_assetfiles`
--
CREATE TABLE `craft_assetfiles` (
  `id` int(11) NOT NULL,
  `sourceId` int(11) DEFAULT NULL,
  `folderId` int(11) NOT NULL,
  `filename` varchar(255) COLLATE utf8_unicode_ci NOT NULL,
  `kind` varchar(50) COLLATE utf8_unicode_ci NOT NULL DEFAULT 'unknown',
  `width` int(11) unsigned DEFAULT NULL,
  `height` int(11) unsigned DEFAULT NULL,
  `size` int(11) unsigned DEFAULT NULL,
  `dateModified` datetime DEFAULT NULL,
  `dateCreated` datetime NOT NULL,
  `dateUpdated` datetime NOT NULL,
  `uid` char(36) COLLATE utf8_unicode_ci NOT NULL DEFAULT '0',
  PRIMARY KEY (`id`),
  UNIQUE KEY `craft_assetfiles_filename_folderId_unq_idx` (`filename`,`folderId`),
  KEY `craft_assetfiles_sourceId_fk` (`sourceId`),
  KEY `craft_assetfiles_folderId_fk` (`folderId`)
) ENGINE=InnoDB DEFAULT CHARSET=utf8 COLLATE=utf8_unicode_ci;

--
-- Data for table `craft_assetfiles`
--

INSERT INTO `craft_assetfiles` (`id`, `sourceId`, `folderId`, `filename`, `kind`, `width`, `height`, `size`, `dateModified`, `dateCreated`, `dateUpdated`, `uid`) VALUES
 ('34', '2', '2', 'paradata-logo-alt.png', 'image', '599', '120', '7097', '2016-01-31 01:53:49', '2016-01-31 01:53:49', '2016-01-31 01:53:49', '0e313693-0989-4ca4-b886-12cbc0b8487e'),
 ('35', '2', '2', 'paradata-logo.png', 'image', '599', '120', '6235', '2016-01-31 01:53:52', '2016-01-31 01:53:52', '2016-01-31 01:53:52', '84e15a80-18a5-492a-9ad0-355c86aaafbe'),
 ('36', '3', '3', 'paradata_solutions-hd.mp4', 'video', NULL, NULL, '11512700', '2016-01-31 01:53:58', '2016-01-31 01:53:58', '2016-01-31 01:53:58', '32077797-8045-465d-9994-5d42140fbf89'),
 ('37', '4', '4', 'background-homepage-1.jpg', 'image', '1235', '822', '72619', '2016-01-31 01:54:11', '2016-01-31 01:54:11', '2016-01-31 01:54:11', '1de17736-1e37-4f08-bdc1-e582f11e3172'),
 ('38', '4', '4', 'texture_tile-bg.png', 'image', '160', '160', '2914', '2016-01-31 01:54:11', '2016-01-31 01:54:11', '2016-01-31 01:54:11', 'c7e817d4-2521-47dc-872d-c64b35d064d2'),
 ('39', '5', '5', 'app_preview_bom_advantage.png', 'image', '1500', '833', '300112', '2016-01-31 02:00:09', '2016-01-31 02:00:10', '2016-01-31 02:00:10', '9b4c7afa-c3c1-446a-a124-6cea661de712'),
 ('40', '5', '5', 'app_preview_catalog_optimizer.png', 'image', '1500', '833', '263770', '2016-01-31 02:00:11', '2016-01-31 02:00:11', '2016-01-31 02:00:11', 'dab997cb-7ae7-43fc-ba3a-5e0cbc72c1c3'),
 ('41', '5', '5', 'app_preview_price_guardian.png', 'image', '1500', '833', '255416', '2016-01-31 02:00:12', '2016-01-31 02:00:12', '2016-01-31 02:00:12', '4ab37f38-f6a3-47ea-bb79-fa8a23075447'),
 ('42', '5', '5', 'bom-advantage.jpg', 'image', '966', '777', '128631', '2016-01-31 02:00:26', '2016-01-31 02:00:27', '2016-01-31 02:00:27', '8a01a239-af8a-4323-a8c6-fedcf36f5d7a'),
 ('43', '5', '5', 'bom-advantage.png', 'image', '1000', '786', '3149920', '2016-01-31 02:00:27', '2016-01-31 02:00:28', '2016-01-31 02:00:28', 'e38f7b85-ba15-4931-9b54-dfb89b047ea5'),
 ('44', '5', '5', 'catalog-optimizer.jpg', 'image', '967', '642', '77248', '2016-01-31 02:00:28', '2016-01-31 02:00:28', '2016-01-31 02:00:28', '403f23ee-20a4-4f96-9660-43a13c8d37de'),
 ('45', '5', '5', 'catalog-optimizer.png', 'image', '986', '662', '197552', '2016-01-31 02:00:29', '2016-01-31 02:00:29', '2016-01-31 02:00:29', 'b0bd97e2-aebf-457c-aa4f-c4792d6447de'),
 ('46', '5', '5', 'market_charts_network_effect.png', 'image', '1500', '1500', '127282', '2016-01-31 02:00:43', '2016-01-31 02:00:43', '2016-01-31 02:00:43', '03456bda-639a-41bc-95ea-d05f508d1585'),
 ('47', '5', '5', 'market_charts_solution_complexity.png', 'image', '1500', '1500', '60136', '2016-01-31 02:00:48', '2016-01-31 02:00:48', '2016-01-31 02:00:48', '672591b3-e4a4-4ced-9f47-96bc242f8715'),
 ('48', '5', '5', 'price-guardian.jpg', 'image', '966', '590', '74880', '2016-01-31 02:00:51', '2016-01-31 02:00:51', '2016-01-31 02:00:51', '25b61f41-44eb-4707-bf23-a39c861f4add'),
 ('49', '5', '5', 'price-guardian.png', 'image', '1000', '597', '2392512', '2016-01-31 02:00:51', '2016-01-31 02:00:52', '2016-01-31 02:00:52', '5f8ff23d-6f23-4eb8-9256-7692c946897c'),
 ('50', '6', '6', 'facebook.png', 'image', '512', '512', '5647', '2016-01-31 02:01:03', '2016-01-31 02:01:03', '2016-01-31 02:01:03', '232155fb-5a4a-469e-8671-f972329076f0'),
 ('51', '6', '6', 'google_plus.jpg', 'image', '1024', '1024', '42277', '2016-01-31 02:01:03', '2016-01-31 02:01:03', '2016-01-31 02:01:03', '1fba7566-5f16-4052-bb7e-d932e711e7f9'),
 ('52', '6', '6', 'linkedin.png', 'image', '1024', '1024', '11464', '2016-01-31 02:01:06', '2016-01-31 02:01:06', '2016-01-31 02:01:06', 'f15a2de3-0972-4f07-9eb5-d9aa1a51b4ea'),
 ('53', '6', '6', 'social_icon_facebook.png', 'image', '360', '360', '1792', '2016-01-31 02:01:08', '2016-01-31 02:01:08', '2016-01-31 02:01:08', '3faa3691-6850-4540-b87e-074ae7b54aa1'),
 ('54', '6', '6', 'social_icon_google_plus.png', 'image', '360', '360', '3312', '2016-01-31 02:01:09', '2016-01-31 02:01:09', '2016-01-31 02:01:09', 'cf14f311-cc31-4031-a63d-90eef043899f'),
 ('55', '6', '6', 'social_icon_linkedin.png', 'image', '360', '360', '2394', '2016-01-31 02:01:09', '2016-01-31 02:01:09', '2016-01-31 02:01:09', '94e17426-4f6b-4850-b443-c13c8dd4baf0'),
 ('56', '6', '6', 'social_icon_twitter.png', 'image', '360', '360', '3531', '2016-01-31 02:01:10', '2016-01-31 02:01:10', '2016-01-31 02:01:10', 'd9235f8a-6e73-49f8-9796-23924b3b8cfb'),
 ('61', '6', '6', 'twitter.png', 'image', '300', '300', '4358', '2016-01-31 02:01:16', '2016-01-31 02:01:16', '2016-01-31 02:01:16', 'd01702e3-a189-46b1-9fb1-d81839269cbb'),
 ('62', '7', '7', 'zoom-49209142-3.jpg', 'image', '1235', '809', '722446', '2016-01-31 02:01:29', '2016-01-31 02:01:29', '2016-01-31 02:01:29', 'ecc531b3-b7c7-4d71-9305-1336260e9b5a'),
 ('63', '7', '7', 'zoom-59077574-3.jpg', 'image', '1235', '822', '558451', '2016-01-31 02:01:31', '2016-01-31 02:01:31', '2016-01-31 02:01:31', 'acaa03cc-c33c-41cb-9df2-d978cf021886'),
 ('71', '6', '6', 'icon_compliance.png', 'image', '600', '600', '39043', '2016-02-01 23:51:43', '2016-02-01 23:54:53', '2016-02-01 23:54:53', '41fc2a1e-c50e-4bcb-a747-acd60416dff7'),
 ('72', '6', '6', 'icon_cost.png', 'image', '600', '600', '38517', '2016-02-01 23:51:44', '2016-02-01 23:54:53', '2016-02-01 23:54:53', 'a59cb9c0-7b90-4e0e-8474-12e64afab53f'),
 ('73', '6', '6', 'icon_leadtime.png', 'image', '600', '600', '42627', '2016-02-01 23:51:45', '2016-02-01 23:54:53', '2016-02-01 23:54:53', 'e07242b6-c914-4895-a34f-60f1d7a3db38'),
 ('74', '6', '6', 'icon_networkscore.png', 'image', '600', '600', '37901', '2016-02-01 23:51:46', '2016-02-01 23:54:54', '2016-02-01 23:54:54', 'b4051fed-0fb2-4d58-9d16-28f9d1626e67'),
 ('75', '6', '6', 'icon_risk.png', 'image', '600', '600', '40826', '2016-02-01 23:51:47', '2016-02-01 23:54:54', '2016-02-01 23:54:54', 'fbf8b141-1a30-438c-bb5f-65683a2186f5'),
 ('76', '2', '2', 'coffee_cups.png', 'image', '1132', '786', '782655', '2016-02-01 23:54:49', '2016-02-01 23:54:54', '2016-02-01 23:54:54', '67910498-dd0d-4cab-8009-1e68cd4e4e06');



DROP TABLE IF EXISTS `craft_assetfolders`;


--
-- Schema for table `craft_assetfolders`
--
CREATE TABLE `craft_assetfolders` (
  `id` int(11) NOT NULL AUTO_INCREMENT,
  `parentId` int(11) DEFAULT NULL,
  `sourceId` int(11) DEFAULT NULL,
  `name` varchar(255) COLLATE utf8_unicode_ci NOT NULL,
  `path` varchar(255) COLLATE utf8_unicode_ci DEFAULT NULL,
  `dateCreated` datetime NOT NULL,
  `dateUpdated` datetime NOT NULL,
  `uid` char(36) COLLATE utf8_unicode_ci NOT NULL DEFAULT '0',
  PRIMARY KEY (`id`),
  UNIQUE KEY `craft_assetfolders_name_parentId_sourceId_unq_idx` (`name`,`parentId`,`sourceId`),
  KEY `craft_assetfolders_parentId_fk` (`parentId`),
  KEY `craft_assetfolders_sourceId_fk` (`sourceId`)
) ENGINE=InnoDB AUTO_INCREMENT=8 DEFAULT CHARSET=utf8 COLLATE=utf8_unicode_ci;

--
-- Data for table `craft_assetfolders`
--

INSERT INTO `craft_assetfolders` (`id`, `parentId`, `sourceId`, `name`, `path`, `dateCreated`, `dateUpdated`, `uid`) VALUES
 ('2', NULL, '2', 'Images', '', '2016-01-31 01:49:59', '2016-01-31 01:49:59', 'f77a52c0-0307-4b61-9983-e9012d271d00'),
 ('3', NULL, '3', 'Videos', '', '2016-01-31 01:50:50', '2016-01-31 01:50:50', 'c463e37c-fcf7-43f3-ab48-cc829614afae'),
 ('4', NULL, '4', 'Backgrounds', '', '2016-01-31 01:52:12', '2016-01-31 01:52:12', 'bf2f9bd2-096d-4c00-a341-b172131885ba'),
 ('5', NULL, '5', 'Graphics', '', '2016-01-31 01:52:26', '2016-01-31 01:52:26', '188a7846-bc4b-4e38-8598-1eadb6fdc7f8'),
 ('6', NULL, '6', 'Icons', '', '2016-01-31 01:52:49', '2016-01-31 01:52:49', '5aa34ece-3215-408c-854c-ad36014840f0'),
 ('7', NULL, '7', 'iStock', '', '2016-01-31 01:53:14', '2016-01-31 01:53:14', '8b7cf17a-dc9a-448c-8994-7d5e46bd60bf');



DROP TABLE IF EXISTS `craft_assetindexdata`;


--
-- Schema for table `craft_assetindexdata`
--
CREATE TABLE `craft_assetindexdata` (
  `id` int(11) NOT NULL AUTO_INCREMENT,
  `sessionId` varchar(36) COLLATE utf8_unicode_ci NOT NULL DEFAULT '',
  `sourceId` int(10) NOT NULL,
  `offset` int(10) NOT NULL,
  `uri` varchar(255) COLLATE utf8_unicode_ci DEFAULT NULL,
  `size` int(10) DEFAULT NULL,
  `recordId` int(10) DEFAULT NULL,
  `dateCreated` datetime NOT NULL,
  `dateUpdated` datetime NOT NULL,
  `uid` char(36) COLLATE utf8_unicode_ci NOT NULL DEFAULT '0',
  PRIMARY KEY (`id`),
  UNIQUE KEY `craft_assetindexdata_sessionId_sourceId_offset_unq_idx` (`sessionId`,`sourceId`,`offset`),
  KEY `craft_assetindexdata_sourceId_fk` (`sourceId`)
) ENGINE=InnoDB DEFAULT CHARSET=utf8 COLLATE=utf8_unicode_ci;

DROP TABLE IF EXISTS `craft_assetsources`;


--
-- Schema for table `craft_assetsources`
--
CREATE TABLE `craft_assetsources` (
  `id` int(11) NOT NULL AUTO_INCREMENT,
  `name` varchar(255) COLLATE utf8_unicode_ci NOT NULL,
  `handle` varchar(255) COLLATE utf8_unicode_ci NOT NULL,
  `type` varchar(150) COLLATE utf8_unicode_ci NOT NULL,
  `settings` text COLLATE utf8_unicode_ci,
  `sortOrder` tinyint(4) DEFAULT NULL,
  `fieldLayoutId` int(10) DEFAULT NULL,
  `dateCreated` datetime NOT NULL,
  `dateUpdated` datetime NOT NULL,
  `uid` char(36) COLLATE utf8_unicode_ci NOT NULL DEFAULT '0',
  PRIMARY KEY (`id`),
  UNIQUE KEY `craft_assetsources_name_unq_idx` (`name`),
  UNIQUE KEY `craft_assetsources_handle_unq_idx` (`handle`),
  KEY `craft_assetsources_fieldLayoutId_fk` (`fieldLayoutId`)
) ENGINE=InnoDB AUTO_INCREMENT=8 DEFAULT CHARSET=utf8 COLLATE=utf8_unicode_ci;

--
-- Data for table `craft_assetsources`
--

INSERT INTO `craft_assetsources` (`id`, `name`, `handle`, `type`, `settings`, `sortOrder`, `fieldLayoutId`, `dateCreated`, `dateUpdated`, `uid`) VALUES
 ('2', 'Images', 'images', 'Local', '{\"path\":\"images\\/\",\"url\":\"\\/images\\/\"}', '2', '10', '2016-01-31 01:49:59', '2016-01-31 01:49:59', '2da4451d-d849-4e88-bb16-26ce7f9c4ca8'),
 ('3', 'Videos', 'videos', 'Local', '{\"path\":\"videos\\/\",\"url\":\"\\/videos\\/\"}', '3', '11', '2016-01-31 01:50:50', '2016-01-31 01:50:50', '770355d3-cd81-4531-add1-0754dace65da'),
 ('4', 'Backgrounds', 'backgrounds', 'Local', '{\"path\":\"images\\/backgrounds\\/\",\"url\":\"\\/images\\/backgrounds\\/\"}', '4', '12', '2016-01-31 01:52:12', '2016-01-31 01:52:12', '12d23ecf-3a33-42f1-97aa-72101dd7f3df'),
 ('5', 'Graphics', 'graphics', 'Local', '{\"path\":\"images\\/graphics\\/\",\"url\":\"\\/images\\/graphics\\/\"}', '5', '13', '2016-01-31 01:52:26', '2016-01-31 01:52:26', '250ddb88-d5bf-4f93-b3d5-6ac66fc17259'),
 ('6', 'Icons', 'icons', 'Local', '{\"path\":\"images\\/icons\\/\",\"url\":\"\\/images\\/icons\\/\"}', '6', '14', '2016-01-31 01:52:49', '2016-01-31 01:52:49', '32b86e50-375d-4060-bb27-5adc1b8065af'),
 ('7', 'iStock', 'istock', 'Local', '{\"path\":\"images\\/istock\\/\",\"url\":\"\\/images\\/istock\\/\"}', '7', '15', '2016-01-31 01:53:14', '2016-01-31 01:53:14', 'eadfec52-eff2-4747-9a5d-2b74ddd27907');



DROP TABLE IF EXISTS `craft_assettransformindex`;


--
-- Schema for table `craft_assettransformindex`
--
CREATE TABLE `craft_assettransformindex` (
  `id` int(11) NOT NULL AUTO_INCREMENT,
  `fileId` int(11) NOT NULL,
  `filename` varchar(255) COLLATE utf8_unicode_ci DEFAULT NULL,
  `format` varchar(255) COLLATE utf8_unicode_ci DEFAULT NULL,
  `location` varchar(255) COLLATE utf8_unicode_ci NOT NULL,
  `sourceId` int(11) DEFAULT NULL,
  `fileExists` tinyint(1) DEFAULT NULL,
  `inProgress` tinyint(1) DEFAULT NULL,
  `dateIndexed` datetime DEFAULT NULL,
  `dateCreated` datetime NOT NULL,
  `dateUpdated` datetime NOT NULL,
  `uid` char(36) COLLATE utf8_unicode_ci NOT NULL DEFAULT '0',
  PRIMARY KEY (`id`),
  KEY `craft_assettransformindex_sourceId_fileId_location_idx` (`sourceId`,`fileId`,`location`)
) ENGINE=InnoDB DEFAULT CHARSET=utf8 COLLATE=utf8_unicode_ci;

DROP TABLE IF EXISTS `craft_assettransforms`;


--
-- Schema for table `craft_assettransforms`
--
CREATE TABLE `craft_assettransforms` (
  `id` int(11) NOT NULL AUTO_INCREMENT,
  `name` varchar(255) COLLATE utf8_unicode_ci NOT NULL,
  `handle` varchar(255) COLLATE utf8_unicode_ci NOT NULL,
  `mode` enum('stretch','fit','crop') COLLATE utf8_unicode_ci NOT NULL DEFAULT 'crop',
  `position` enum('top-left','top-center','top-right','center-left','center-center','center-right','bottom-left','bottom-center','bottom-right') COLLATE utf8_unicode_ci NOT NULL DEFAULT 'center-center',
  `height` int(10) DEFAULT NULL,
  `width` int(10) DEFAULT NULL,
  `format` varchar(255) COLLATE utf8_unicode_ci DEFAULT NULL,
  `quality` int(10) DEFAULT NULL,
  `dimensionChangeTime` datetime DEFAULT NULL,
  `dateCreated` datetime NOT NULL,
  `dateUpdated` datetime NOT NULL,
  `uid` char(36) COLLATE utf8_unicode_ci NOT NULL DEFAULT '0',
  PRIMARY KEY (`id`),
  UNIQUE KEY `craft_assettransforms_name_unq_idx` (`name`),
  UNIQUE KEY `craft_assettransforms_handle_unq_idx` (`handle`)
) ENGINE=InnoDB DEFAULT CHARSET=utf8 COLLATE=utf8_unicode_ci;

DROP TABLE IF EXISTS `craft_categories`;


--
-- Schema for table `craft_categories`
--
CREATE TABLE `craft_categories` (
  `id` int(11) NOT NULL,
  `groupId` int(11) NOT NULL,
  `dateCreated` datetime NOT NULL,
  `dateUpdated` datetime NOT NULL,
  `uid` char(36) COLLATE utf8_unicode_ci NOT NULL DEFAULT '0',
  PRIMARY KEY (`id`),
  KEY `craft_categories_groupId_fk` (`groupId`)
) ENGINE=InnoDB DEFAULT CHARSET=utf8 COLLATE=utf8_unicode_ci;

DROP TABLE IF EXISTS `craft_categorygroups`;


--
-- Schema for table `craft_categorygroups`
--
CREATE TABLE `craft_categorygroups` (
  `id` int(11) NOT NULL AUTO_INCREMENT,
  `structureId` int(11) NOT NULL,
  `fieldLayoutId` int(11) DEFAULT NULL,
  `name` varchar(255) COLLATE utf8_unicode_ci NOT NULL,
  `handle` varchar(255) COLLATE utf8_unicode_ci NOT NULL,
  `hasUrls` tinyint(1) unsigned NOT NULL DEFAULT '1',
  `template` varchar(500) COLLATE utf8_unicode_ci DEFAULT NULL,
  `dateCreated` datetime NOT NULL,
  `dateUpdated` datetime NOT NULL,
  `uid` char(36) COLLATE utf8_unicode_ci NOT NULL DEFAULT '0',
  PRIMARY KEY (`id`),
  UNIQUE KEY `craft_categorygroups_name_unq_idx` (`name`),
  UNIQUE KEY `craft_categorygroups_handle_unq_idx` (`handle`),
  KEY `craft_categorygroups_structureId_fk` (`structureId`),
  KEY `craft_categorygroups_fieldLayoutId_fk` (`fieldLayoutId`)
) ENGINE=InnoDB DEFAULT CHARSET=utf8 COLLATE=utf8_unicode_ci;

DROP TABLE IF EXISTS `craft_categorygroups_i18n`;


--
-- Schema for table `craft_categorygroups_i18n`
--
CREATE TABLE `craft_categorygroups_i18n` (
  `id` int(11) NOT NULL AUTO_INCREMENT,
  `groupId` int(11) NOT NULL,
  `locale` char(12) COLLATE utf8_unicode_ci NOT NULL,
  `urlFormat` text COLLATE utf8_unicode_ci,
  `nestedUrlFormat` text COLLATE utf8_unicode_ci,
  `dateCreated` datetime NOT NULL,
  `dateUpdated` datetime NOT NULL,
  `uid` char(36) COLLATE utf8_unicode_ci NOT NULL DEFAULT '0',
  PRIMARY KEY (`id`),
  UNIQUE KEY `craft_categorygroups_i18n_groupId_locale_unq_idx` (`groupId`,`locale`),
  KEY `craft_categorygroups_i18n_locale_fk` (`locale`)
) ENGINE=InnoDB DEFAULT CHARSET=utf8 COLLATE=utf8_unicode_ci;

DROP TABLE IF EXISTS `craft_content`;


--
-- Schema for table `craft_content`
--
CREATE TABLE `craft_content` (
  `id` int(11) NOT NULL AUTO_INCREMENT,
  `elementId` int(11) NOT NULL,
  `locale` char(12) COLLATE utf8_unicode_ci NOT NULL,
  `title` varchar(255) COLLATE utf8_unicode_ci DEFAULT NULL,
  `field_homepageHeader` text COLLATE utf8_unicode_ci,
  `field_solutionsHeader` text COLLATE utf8_unicode_ci,
  `field_solutionsSubheader` text COLLATE utf8_unicode_ci,
  `field_copyrightText` text COLLATE utf8_unicode_ci,
  `field_secondHeader` text COLLATE utf8_unicode_ci,
  `field_slideHeader` text COLLATE utf8_unicode_ci,
  `field_slideQuestion` text COLLATE utf8_unicode_ci,
  `field_slideDescription` text COLLATE utf8_unicode_ci,
  `field_scoreLabelText` text COLLATE utf8_unicode_ci,
  `field_companyName` text COLLATE utf8_unicode_ci,
  `field_addressLine1` text COLLATE utf8_unicode_ci,
  `field_addressLine2` text COLLATE utf8_unicode_ci,
  `field_phoneNumber` text COLLATE utf8_unicode_ci,
  `field_email` text COLLATE utf8_unicode_ci,
  `dateCreated` datetime NOT NULL,
  `dateUpdated` datetime NOT NULL,
  `uid` char(36) COLLATE utf8_unicode_ci NOT NULL DEFAULT '0',
  PRIMARY KEY (`id`),
  UNIQUE KEY `craft_content_elementId_locale_unq_idx` (`elementId`,`locale`),
  KEY `craft_content_title_idx` (`title`),
  KEY `craft_content_locale_fk` (`locale`)
) ENGINE=InnoDB AUTO_INCREMENT=79 DEFAULT CHARSET=utf8 COLLATE=utf8_unicode_ci;

--
-- Data for table `craft_content`
--

INSERT INTO `craft_content` (`id`, `elementId`, `locale`, `title`, `field_homepageHeader`, `field_solutionsHeader`, `field_solutionsSubheader`, `field_copyrightText`, `field_secondHeader`, `field_slideHeader`, `field_slideQuestion`, `field_slideDescription`, `field_scoreLabelText`, `field_companyName`, `field_addressLine1`, `field_addressLine2`, `field_phoneNumber`, `field_email`, `dateCreated`, `dateUpdated`, `uid`) VALUES
 ('1', '1', 'en_us', NULL, NULL, NULL, NULL, NULL, NULL, NULL, NULL, NULL, NULL, NULL, NULL, NULL, NULL, NULL, '2016-01-30 05:23:54', '2016-01-30 05:23:54', '94d95c88-2741-4cd5-92ba-93695a56953e'),
 ('2', '2', 'en_us', 'Homepage', 'Transparency Meets Supply Chain', NULL, NULL, NULL, NULL, 'THE NETWORK SCORE℠', '\"If your product could say what it needs to be healthy, what would it say?\"', 'The Paradata Network Score measures a supply chain in four dimensions: Leadtime, Cost, Compliance, and Risk.', 'What\'s your score?', NULL, NULL, NULL, NULL, NULL, '2016-01-30 05:23:57', '2016-02-02 05:36:27', '57f4d43a-3918-4ffa-bd1e-b2a64907dee1'),
 ('34', '34', 'en_us', 'Paradata Logo Alt', NULL, NULL, NULL, NULL, NULL, NULL, NULL, NULL, NULL, NULL, NULL, NULL, NULL, NULL, '2016-01-31 01:53:49', '2016-01-31 01:53:49', 'e8b1f733-efe0-44d6-80fe-9751c5504af1'),
 ('35', '35', 'en_us', 'Paradata Logo', NULL, NULL, NULL, NULL, NULL, NULL, NULL, NULL, NULL, NULL, NULL, NULL, NULL, NULL, '2016-01-31 01:53:52', '2016-01-31 01:53:52', 'd346a533-1966-4740-999e-57cf230b7388'),
 ('36', '36', 'en_us', 'Paradata Solutions Hd', NULL, NULL, NULL, NULL, NULL, NULL, NULL, NULL, NULL, NULL, NULL, NULL, NULL, NULL, '2016-01-31 01:53:58', '2016-01-31 01:53:58', '82cec862-2310-43b8-a149-27608d49bc77'),
 ('37', '37', 'en_us', 'Background Homepage 1', NULL, NULL, NULL, NULL, NULL, NULL, NULL, NULL, NULL, NULL, NULL, NULL, NULL, NULL, '2016-01-31 01:54:11', '2016-01-31 01:54:11', 'feabdc5b-d1da-4cc6-b5ad-bbb5a576c02d'),
 ('38', '38', 'en_us', 'Texture Tile Bg', NULL, NULL, NULL, NULL, NULL, NULL, NULL, NULL, NULL, NULL, NULL, NULL, NULL, NULL, '2016-01-31 01:54:11', '2016-01-31 01:54:11', '3497ceab-55d4-4eb9-b175-f6d1c32eaddd'),
 ('39', '39', 'en_us', 'App Preview Bom Advantage', NULL, NULL, NULL, NULL, NULL, NULL, NULL, NULL, NULL, NULL, NULL, NULL, NULL, NULL, '2016-01-31 02:00:10', '2016-01-31 02:00:10', '6f82de34-1cec-4d2b-935f-1931674ca297'),
 ('40', '40', 'en_us', 'App Preview Catalog Optimizer', NULL, NULL, NULL, NULL, NULL, NULL, NULL, NULL, NULL, NULL, NULL, NULL, NULL, NULL, '2016-01-31 02:00:11', '2016-01-31 02:00:11', 'a07daeb6-60b1-4fe6-b898-c57d4a3166b4'),
 ('41', '41', 'en_us', 'App Preview Price Guardian', NULL, NULL, NULL, NULL, NULL, NULL, NULL, NULL, NULL, NULL, NULL, NULL, NULL, NULL, '2016-01-31 02:00:12', '2016-01-31 02:00:12', '57551b74-102c-482c-99e8-ad55389a60b9'),
 ('42', '42', 'en_us', 'Bom Advantage', NULL, NULL, NULL, NULL, NULL, NULL, NULL, NULL, NULL, NULL, NULL, NULL, NULL, NULL, '2016-01-31 02:00:27', '2016-01-31 02:00:27', '84c61b48-8473-4196-a95b-8e62581edd62'),
 ('43', '43', 'en_us', 'Bom Advantage', NULL, NULL, NULL, NULL, NULL, NULL, NULL, NULL, NULL, NULL, NULL, NULL, NULL, NULL, '2016-01-31 02:00:27', '2016-01-31 02:00:27', '0cdef1dd-27d0-44ac-a8a7-7120326ed4be'),
 ('44', '44', 'en_us', 'Catalog Optimizer', NULL, NULL, NULL, NULL, NULL, NULL, NULL, NULL, NULL, NULL, NULL, NULL, NULL, NULL, '2016-01-31 02:00:28', '2016-01-31 02:00:28', 'b678b9cb-bde6-4a6c-8536-12a52fcb75ce'),
 ('45', '45', 'en_us', 'Catalog Optimizer', NULL, NULL, NULL, NULL, NULL, NULL, NULL, NULL, NULL, NULL, NULL, NULL, NULL, NULL, '2016-01-31 02:00:29', '2016-01-31 02:00:29', 'ee4bc941-cb51-4b29-ad7e-d6e9d280b92b'),
 ('46', '46', 'en_us', 'Market Charts Network Effect', NULL, NULL, NULL, NULL, NULL, NULL, NULL, NULL, NULL, NULL, NULL, NULL, NULL, NULL, '2016-01-31 02:00:43', '2016-01-31 02:00:43', 'ce475bd3-321a-4e96-963d-662c62276150'),
 ('47', '47', 'en_us', 'Market Charts Solution Complexity', NULL, NULL, NULL, NULL, NULL, NULL, NULL, NULL, NULL, NULL, NULL, NULL, NULL, NULL, '2016-01-31 02:00:48', '2016-01-31 02:00:48', '494427b5-3804-4eb2-a115-6ea4f88512e6'),
 ('48', '48', 'en_us', 'Price Guardian', NULL, NULL, NULL, NULL, NULL, NULL, NULL, NULL, NULL, NULL, NULL, NULL, NULL, NULL, '2016-01-31 02:00:51', '2016-01-31 02:00:51', '84538018-4800-4050-aed1-8e13abc3eb41'),
 ('49', '49', 'en_us', 'Price Guardian', NULL, NULL, NULL, NULL, NULL, NULL, NULL, NULL, NULL, NULL, NULL, NULL, NULL, NULL, '2016-01-31 02:00:52', '2016-01-31 02:00:52', '3404e9cb-b628-4ec5-aeec-1b8cbbd4cc3a'),
 ('50', '50', 'en_us', 'Facebook', NULL, NULL, NULL, NULL, NULL, NULL, NULL, NULL, NULL, NULL, NULL, NULL, NULL, NULL, '2016-01-31 02:01:03', '2016-01-31 02:01:03', 'ed7aaac8-482a-4f3e-9d17-a17c34549b6a'),
 ('51', '51', 'en_us', 'Google Plus', NULL, NULL, NULL, NULL, NULL, NULL, NULL, NULL, NULL, NULL, NULL, NULL, NULL, NULL, '2016-01-31 02:01:03', '2016-01-31 02:01:03', '1a8c4276-0f70-401f-8812-bda287c1fd5a'),
 ('52', '52', 'en_us', 'Linkedin', NULL, NULL, NULL, NULL, NULL, NULL, NULL, NULL, NULL, NULL, NULL, NULL, NULL, NULL, '2016-01-31 02:01:06', '2016-01-31 02:01:06', '6b57546a-a980-42b3-bd28-b49de8f4aee7'),
 ('53', '53', 'en_us', 'Social Icon Facebook', NULL, NULL, NULL, NULL, NULL, NULL, NULL, NULL, NULL, NULL, NULL, NULL, NULL, NULL, '2016-01-31 02:01:08', '2016-01-31 02:01:08', '4f5c0149-2f68-4876-af17-179674cd2f15'),
 ('54', '54', 'en_us', 'Social Icon Google Plus', NULL, NULL, NULL, NULL, NULL, NULL, NULL, NULL, NULL, NULL, NULL, NULL, NULL, NULL, '2016-01-31 02:01:09', '2016-01-31 02:01:09', '952dc5e4-cf86-4905-9877-7a824bc18bd9'),
 ('55', '55', 'en_us', 'Social Icon Linkedin', NULL, NULL, NULL, NULL, NULL, NULL, NULL, NULL, NULL, NULL, NULL, NULL, NULL, NULL, '2016-01-31 02:01:09', '2016-01-31 02:01:09', 'f7733276-d200-4786-9de0-50b6fbb4ac69'),
 ('56', '56', 'en_us', 'Social Icon Twitter', NULL, NULL, NULL, NULL, NULL, NULL, NULL, NULL, NULL, NULL, NULL, NULL, NULL, NULL, '2016-01-31 02:01:10', '2016-01-31 02:01:10', 'c272c853-9c9e-4c82-9187-7dbf3ed48b1f'),
 ('61', '61', 'en_us', 'Twitter', NULL, NULL, NULL, NULL, NULL, NULL, NULL, NULL, NULL, NULL, NULL, NULL, NULL, NULL, '2016-01-31 02:01:16', '2016-01-31 02:01:16', 'f56d9167-f50b-4449-b0e4-6c9622dd81ee'),
 ('62', '62', 'en_us', 'Zoom 49209142 3', NULL, NULL, NULL, NULL, NULL, NULL, NULL, NULL, NULL, NULL, NULL, NULL, NULL, NULL, '2016-01-31 02:01:29', '2016-01-31 02:01:29', '804a39bc-8ef8-47de-b9fd-9ac7a3f212ac'),
 ('63', '63', 'en_us', 'Zoom 59077574 3', NULL, NULL, NULL, NULL, NULL, NULL, NULL, NULL, NULL, NULL, NULL, NULL, NULL, NULL, '2016-01-31 02:01:31', '2016-01-31 02:01:31', 'b241dd2e-da51-45a3-a9b1-6048f3f646fe'),
 ('71', '71', 'en_us', 'Icon Compliance', NULL, NULL, NULL, NULL, NULL, NULL, NULL, NULL, NULL, NULL, NULL, NULL, NULL, NULL, '2016-02-01 23:54:53', '2016-02-01 23:54:53', '1d0fa387-c540-4424-ac35-593aca767fdb'),
 ('72', '72', 'en_us', 'Icon Cost', NULL, NULL, NULL, NULL, NULL, NULL, NULL, NULL, NULL, NULL, NULL, NULL, NULL, NULL, '2016-02-01 23:54:53', '2016-02-01 23:54:53', 'af8eeb0e-ba68-4fbf-ba7d-4b8c45716f39'),
 ('73', '73', 'en_us', 'Icon Leadtime', NULL, NULL, NULL, NULL, NULL, NULL, NULL, NULL, NULL, NULL, NULL, NULL, NULL, NULL, '2016-02-01 23:54:53', '2016-02-01 23:54:53', '00ee6e21-5c46-4716-8c1c-b9192f1247bf'),
 ('74', '74', 'en_us', 'Icon Networkscore', NULL, NULL, NULL, NULL, NULL, NULL, NULL, NULL, NULL, NULL, NULL, NULL, NULL, NULL, '2016-02-01 23:54:53', '2016-02-01 23:54:54', 'a2c65803-1b21-495d-984d-dc9ef3182ec0'),
 ('75', '75', 'en_us', 'Icon Risk', NULL, NULL, NULL, NULL, NULL, NULL, NULL, NULL, NULL, NULL, NULL, NULL, NULL, NULL, '2016-02-01 23:54:54', '2016-02-01 23:54:54', '2137d7eb-ee47-4be0-a429-927485cf5861'),
 ('76', '76', 'en_us', 'Coffee Cups', NULL, NULL, NULL, NULL, NULL, NULL, NULL, NULL, NULL, NULL, NULL, NULL, NULL, NULL, '2016-02-01 23:54:54', '2016-02-01 23:54:54', 'cdf66894-5a95-41d9-96a9-2eecdfa39146'),
 ('77', '83', 'en_us', 'Solutions', NULL, NULL, NULL, NULL, NULL, NULL, NULL, NULL, NULL, NULL, NULL, NULL, NULL, NULL, '2016-02-02 00:20:30', '2016-02-02 01:43:47', '6dcf39c8-29af-4506-aa90-38ca2ac07460'),
 ('78', '84', 'en_us', NULL, NULL, NULL, NULL, '© 2016 • ALL RIGHTS RESERVED • PRIVACY POLICY', NULL, NULL, NULL, NULL, NULL, 'Paradata', '200 North Almaden Blvd #250', 'San Jose, CA 95110', '408-791-2070', 'info@paradata.io', '2016-02-02 01:38:36', '2016-02-02 05:36:03', '82cfc308-7483-44a6-b6d7-9c2421f82935');



DROP TABLE IF EXISTS `craft_deprecationerrors`;


--
-- Schema for table `craft_deprecationerrors`
--
CREATE TABLE `craft_deprecationerrors` (
  `id` int(11) NOT NULL AUTO_INCREMENT,
  `key` varchar(255) COLLATE utf8_unicode_ci NOT NULL,
  `fingerprint` varchar(255) COLLATE utf8_unicode_ci NOT NULL,
  `lastOccurrence` datetime NOT NULL,
  `file` varchar(255) COLLATE utf8_unicode_ci NOT NULL,
  `line` smallint(6) unsigned NOT NULL,
  `class` varchar(255) COLLATE utf8_unicode_ci DEFAULT NULL,
  `method` varchar(255) COLLATE utf8_unicode_ci DEFAULT NULL,
  `template` varchar(255) COLLATE utf8_unicode_ci DEFAULT NULL,
  `templateLine` smallint(6) unsigned DEFAULT NULL,
  `message` varchar(255) COLLATE utf8_unicode_ci DEFAULT NULL,
  `traces` text COLLATE utf8_unicode_ci,
  `dateCreated` datetime NOT NULL,
  `dateUpdated` datetime NOT NULL,
  `uid` char(36) COLLATE utf8_unicode_ci NOT NULL DEFAULT '0',
  PRIMARY KEY (`id`),
  UNIQUE KEY `craft_deprecationerrors_key_fingerprint_unq_idx` (`key`,`fingerprint`)
) ENGINE=InnoDB DEFAULT CHARSET=utf8 COLLATE=utf8_unicode_ci;

DROP TABLE IF EXISTS `craft_elementindexsettings`;


--
-- Schema for table `craft_elementindexsettings`
--
CREATE TABLE `craft_elementindexsettings` (
  `id` int(11) NOT NULL AUTO_INCREMENT,
  `type` varchar(150) COLLATE utf8_unicode_ci NOT NULL,
  `settings` text COLLATE utf8_unicode_ci,
  `dateCreated` datetime NOT NULL,
  `dateUpdated` datetime NOT NULL,
  `uid` char(36) COLLATE utf8_unicode_ci NOT NULL DEFAULT '0',
  PRIMARY KEY (`id`),
  UNIQUE KEY `craft_elementindexsettings_type_unq_idx` (`type`)
) ENGINE=InnoDB DEFAULT CHARSET=utf8 COLLATE=utf8_unicode_ci;

DROP TABLE IF EXISTS `craft_elements`;


--
-- Schema for table `craft_elements`
--
CREATE TABLE `craft_elements` (
  `id` int(11) NOT NULL AUTO_INCREMENT,
  `type` varchar(150) COLLATE utf8_unicode_ci NOT NULL,
  `enabled` tinyint(1) unsigned NOT NULL DEFAULT '1',
  `archived` tinyint(1) unsigned NOT NULL DEFAULT '0',
  `dateCreated` datetime NOT NULL,
  `dateUpdated` datetime NOT NULL,
  `uid` char(36) COLLATE utf8_unicode_ci NOT NULL DEFAULT '0',
  PRIMARY KEY (`id`),
  KEY `craft_elements_type_idx` (`type`),
  KEY `craft_elements_enabled_idx` (`enabled`),
  KEY `craft_elements_archived_dateCreated_idx` (`archived`,`dateCreated`)
) ENGINE=InnoDB AUTO_INCREMENT=88 DEFAULT CHARSET=utf8 COLLATE=utf8_unicode_ci;

--
-- Data for table `craft_elements`
--

INSERT INTO `craft_elements` (`id`, `type`, `enabled`, `archived`, `dateCreated`, `dateUpdated`, `uid`) VALUES
 ('1', 'User', '1', '0', '2016-01-30 05:23:54', '2016-01-30 05:23:54', '2e5a8504-a8c9-46fc-b21a-2ecd05394a5b'),
 ('2', 'Entry', '1', '0', '2016-01-30 05:23:57', '2016-02-02 05:36:27', '7de99285-892a-4f3a-aa75-75c8e40ee99f'),
 ('34', 'Asset', '1', '0', '2016-01-31 01:53:49', '2016-01-31 01:53:49', 'e28e08df-1bb6-44d4-8cfd-038d2f79f436'),
 ('35', 'Asset', '1', '0', '2016-01-31 01:53:52', '2016-01-31 01:53:52', '8b9762a7-d577-42e7-9c1b-3fba775fc394'),
 ('36', 'Asset', '1', '0', '2016-01-31 01:53:58', '2016-01-31 01:53:58', '55c5fb54-ec65-445e-879c-43d25f567218'),
 ('37', 'Asset', '1', '0', '2016-01-31 01:54:11', '2016-01-31 01:54:11', '6645e5d3-2655-4348-8816-43b94b98b25e'),
 ('38', 'Asset', '1', '0', '2016-01-31 01:54:11', '2016-01-31 01:54:11', 'e2adf7c2-a38f-4941-b8a1-9c8478cddb44'),
 ('39', 'Asset', '1', '0', '2016-01-31 02:00:10', '2016-01-31 02:00:10', 'd26d1369-b557-4c42-9b8c-1acf4714b301'),
 ('40', 'Asset', '1', '0', '2016-01-31 02:00:11', '2016-01-31 02:00:11', 'c1b20da2-3a9c-41ef-afa9-92a96339f75a'),
 ('41', 'Asset', '1', '0', '2016-01-31 02:00:12', '2016-01-31 02:00:12', 'e2bebde8-1671-4d8a-a634-3c7f1521a566'),
 ('42', 'Asset', '1', '0', '2016-01-31 02:00:27', '2016-01-31 02:00:27', 'fe46c74e-cb81-4851-8596-948e1d1f4f0a'),
 ('43', 'Asset', '1', '0', '2016-01-31 02:00:27', '2016-01-31 02:00:27', '431c2234-964c-43bf-9dd2-98f4f5092e66'),
 ('44', 'Asset', '1', '0', '2016-01-31 02:00:28', '2016-01-31 02:00:28', 'e314577f-3058-4dd7-b1c4-71b0c251c01d'),
 ('45', 'Asset', '1', '0', '2016-01-31 02:00:29', '2016-01-31 02:00:29', 'be322950-e02d-4524-8bc5-30d651c65fac'),
 ('46', 'Asset', '1', '0', '2016-01-31 02:00:43', '2016-01-31 02:00:43', '9383c914-b4d7-421e-92d5-f34e20f13445'),
 ('47', 'Asset', '1', '0', '2016-01-31 02:00:48', '2016-01-31 02:00:48', '9759951b-bcf3-4c03-a367-3dfaf2715a07'),
 ('48', 'Asset', '1', '0', '2016-01-31 02:00:51', '2016-01-31 02:00:51', 'e51cfdc0-f000-491f-8d28-5f3bc1f75de7'),
 ('49', 'Asset', '1', '0', '2016-01-31 02:00:52', '2016-01-31 02:00:52', 'a54bf2b9-3eb6-4f29-9105-e56f5abace42'),
 ('50', 'Asset', '1', '0', '2016-01-31 02:01:03', '2016-01-31 02:01:03', 'c91cd7f2-9a50-42c9-972f-bc79738a2af9'),
 ('51', 'Asset', '1', '0', '2016-01-31 02:01:03', '2016-01-31 02:01:03', '903b4562-6e77-489e-987b-1714599823db'),
 ('52', 'Asset', '1', '0', '2016-01-31 02:01:06', '2016-01-31 02:01:06', 'ffdba286-bc2b-4b4a-8149-a95fa7271d63'),
 ('53', 'Asset', '1', '0', '2016-01-31 02:01:08', '2016-01-31 02:01:08', '98e4d4d0-808f-460c-9f7e-1811c902421f'),
 ('54', 'Asset', '1', '0', '2016-01-31 02:01:09', '2016-01-31 02:01:09', '09f409a8-dba0-4f56-a7fb-1f60facb7955'),
 ('55', 'Asset', '1', '0', '2016-01-31 02:01:09', '2016-01-31 02:01:09', '040535c9-1108-46e5-9503-a59fbb5d0572'),
 ('56', 'Asset', '1', '0', '2016-01-31 02:01:10', '2016-01-31 02:01:10', 'c31b3b51-b0c0-495b-a64d-a812aa8d293b'),
 ('61', 'Asset', '1', '0', '2016-01-31 02:01:16', '2016-01-31 02:01:16', '344c5288-4f45-49a8-ba63-b588976a7be5'),
 ('62', 'Asset', '1', '0', '2016-01-31 02:01:29', '2016-01-31 02:01:29', 'd69d3c64-8657-4210-93f9-ac5d6e8b2258'),
 ('63', 'Asset', '1', '0', '2016-01-31 02:01:31', '2016-01-31 02:01:31', 'c7961315-2c3f-4533-85bb-ee90c04e89da'),
 ('71', 'Asset', '1', '0', '2016-02-01 23:54:53', '2016-02-01 23:54:53', 'e4ecad48-80cd-4ae2-8422-6c95967a0798'),
 ('72', 'Asset', '1', '0', '2016-02-01 23:54:53', '2016-02-01 23:54:53', '340926db-9f6d-4245-8ede-65f04555a389'),
 ('73', 'Asset', '1', '0', '2016-02-01 23:54:53', '2016-02-01 23:54:53', '0e0dcca4-6604-4b11-a462-fac6cdfc2d9f'),
 ('74', 'Asset', '1', '0', '2016-02-01 23:54:53', '2016-02-01 23:54:54', '90311898-c42e-4d51-a175-bde0a5b6f12c'),
 ('75', 'Asset', '1', '0', '2016-02-01 23:54:54', '2016-02-01 23:54:54', '806c8f4f-842e-484a-a2c7-a4164431194b'),
 ('76', 'Asset', '1', '0', '2016-02-01 23:54:54', '2016-02-01 23:54:54', 'd2b74527-9ff3-4ff9-87c4-d118470343f8'),
 ('77', 'MatrixBlock', '1', '0', '2016-02-02 00:14:59', '2016-02-02 01:43:05', '803b2085-f852-4c46-ab1d-03efbe4175be'),
 ('82', 'MatrixBlock', '1', '0', '2016-02-02 00:15:00', '2016-02-02 05:36:27', '726c53fb-02cc-47e4-a4de-05eb5ee98eaf'),
 ('83', 'Entry', '1', '0', '2016-02-02 00:20:30', '2016-02-02 01:43:47', '6f91deaa-e014-4e4c-bdba-3d378003e023'),
 ('84', 'GlobalSet', '1', '0', '2016-02-02 01:38:36', '2016-02-02 05:36:03', '1168ab89-2f77-4e37-838d-47184dc41bde'),
 ('85', 'MatrixBlock', '1', '0', '2016-02-02 04:38:07', '2016-02-02 05:36:27', '413f0feb-23c2-46e7-b6b8-0a7428bf48b7'),
 ('86', 'MatrixBlock', '1', '0', '2016-02-02 04:38:07', '2016-02-02 05:36:27', '9748ae81-cad0-4c93-a80d-32b4bf931f4f'),
 ('87', 'MatrixBlock', '1', '0', '2016-02-02 04:38:07', '2016-02-02 05:36:27', '3122167d-3ed8-41f2-b461-c6e081cb05df');



DROP TABLE IF EXISTS `craft_elements_i18n`;


--
-- Schema for table `craft_elements_i18n`
--
CREATE TABLE `craft_elements_i18n` (
  `id` int(11) NOT NULL AUTO_INCREMENT,
  `elementId` int(11) NOT NULL,
  `locale` char(12) COLLATE utf8_unicode_ci NOT NULL,
  `slug` varchar(255) COLLATE utf8_unicode_ci DEFAULT NULL,
  `uri` varchar(255) COLLATE utf8_unicode_ci DEFAULT NULL,
  `enabled` tinyint(1) unsigned NOT NULL DEFAULT '1',
  `dateCreated` datetime NOT NULL,
  `dateUpdated` datetime NOT NULL,
  `uid` char(36) COLLATE utf8_unicode_ci NOT NULL DEFAULT '0',
  PRIMARY KEY (`id`),
  UNIQUE KEY `craft_elements_i18n_elementId_locale_unq_idx` (`elementId`,`locale`),
  UNIQUE KEY `craft_elements_i18n_uri_locale_unq_idx` (`uri`,`locale`),
  KEY `craft_elements_i18n_slug_locale_idx` (`slug`,`locale`),
  KEY `craft_elements_i18n_enabled_idx` (`enabled`),
  KEY `craft_elements_i18n_locale_fk` (`locale`)
) ENGINE=InnoDB AUTO_INCREMENT=88 DEFAULT CHARSET=utf8 COLLATE=utf8_unicode_ci;

--
-- Data for table `craft_elements_i18n`
--

INSERT INTO `craft_elements_i18n` (`id`, `elementId`, `locale`, `slug`, `uri`, `enabled`, `dateCreated`, `dateUpdated`, `uid`) VALUES
 ('1', '1', 'en_us', '', NULL, '1', '2016-01-30 05:23:54', '2016-01-30 05:23:54', '5e30de96-f784-4ce3-99b1-e7021f5bc77b'),
 ('2', '2', 'en_us', 'homepage', '__home__', '1', '2016-01-30 05:23:57', '2016-02-02 05:36:27', 'dcb3f764-b7a7-4933-bf88-6611320052ec'),
 ('34', '34', 'en_us', 'paradata-logo-alt', NULL, '1', '2016-01-31 01:53:49', '2016-01-31 01:53:49', '409dab7d-6e82-461a-bf09-559e7ca4260c'),
 ('35', '35', 'en_us', 'paradata-logo', NULL, '1', '2016-01-31 01:53:52', '2016-01-31 01:53:52', '2c121898-bed4-4580-89be-8e7aa0b9f77c'),
 ('36', '36', 'en_us', 'paradata-solutions-hd', NULL, '1', '2016-01-31 01:53:58', '2016-01-31 01:53:58', '4bf28a7e-9d4d-4aa4-9eed-95045d3672fd'),
 ('37', '37', 'en_us', 'background-homepage-1', NULL, '1', '2016-01-31 01:54:11', '2016-01-31 01:54:11', 'dacd56dc-7133-4779-89c3-077361404b00'),
 ('38', '38', 'en_us', 'texture-tile-bg', NULL, '1', '2016-01-31 01:54:11', '2016-01-31 01:54:11', '9e252ef5-168e-407c-b6dd-94d17aac7068'),
 ('39', '39', 'en_us', 'app-preview-bom-advantage', NULL, '1', '2016-01-31 02:00:10', '2016-01-31 02:00:10', 'd346e396-8624-437c-94e4-6bd1d92f4c40'),
 ('40', '40', 'en_us', 'app-preview-catalog-optimizer', NULL, '1', '2016-01-31 02:00:11', '2016-01-31 02:00:11', '20491b29-8ad5-4c07-8a47-dcc36e04f4a2'),
 ('41', '41', 'en_us', 'app-preview-price-guardian', NULL, '1', '2016-01-31 02:00:12', '2016-01-31 02:00:12', 'f52e36c8-becd-422e-9f5f-edfac78a9200'),
 ('42', '42', 'en_us', 'bom-advantage', NULL, '1', '2016-01-31 02:00:27', '2016-01-31 02:00:27', '2b2b2740-0e41-4b6c-b53c-becdee2e2ec5'),
 ('43', '43', 'en_us', 'bom-advantage', NULL, '1', '2016-01-31 02:00:27', '2016-01-31 02:00:27', '9e5e8614-de8f-45dc-8bc4-88bdfab0102f'),
 ('44', '44', 'en_us', 'catalog-optimizer', NULL, '1', '2016-01-31 02:00:28', '2016-01-31 02:00:28', 'd316079b-e863-40a7-a77c-2c0e2078fcf1'),
 ('45', '45', 'en_us', 'catalog-optimizer', NULL, '1', '2016-01-31 02:00:29', '2016-01-31 02:00:29', 'a232ec98-5d64-4883-912c-6b9fe8a42aa9'),
 ('46', '46', 'en_us', 'market-charts-network-effect', NULL, '1', '2016-01-31 02:00:43', '2016-01-31 02:00:43', '3e7ea9e0-c2c7-4ac1-b5ae-5f25b5895b12'),
 ('47', '47', 'en_us', 'market-charts-solution-complexity', NULL, '1', '2016-01-31 02:00:48', '2016-01-31 02:00:48', 'b932c4dd-edc7-45cd-9164-a4e7c22debac'),
 ('48', '48', 'en_us', 'price-guardian', NULL, '1', '2016-01-31 02:00:51', '2016-01-31 02:00:51', '19722cde-2f64-4ed6-b5f9-33ef8b478dd7'),
 ('49', '49', 'en_us', 'price-guardian', NULL, '1', '2016-01-31 02:00:52', '2016-01-31 02:00:52', '015551eb-5d00-420e-8ea6-e80da1fd87e8'),
 ('50', '50', 'en_us', 'facebook', NULL, '1', '2016-01-31 02:01:03', '2016-01-31 02:01:03', '74bd5521-73fd-4b12-8db4-8e287a0dd1a8'),
 ('51', '51', 'en_us', 'google-plus', NULL, '1', '2016-01-31 02:01:03', '2016-01-31 02:01:03', 'cea4b637-2d6e-4293-842b-411085a1dff1'),
 ('52', '52', 'en_us', 'linkedin', NULL, '1', '2016-01-31 02:01:06', '2016-01-31 02:01:06', '3fc3cfa4-6d77-455e-985d-b28596bff477'),
 ('53', '53', 'en_us', 'social-icon-facebook', NULL, '1', '2016-01-31 02:01:08', '2016-01-31 02:01:08', '0b2ae775-b2f5-4087-8c40-aac1cac16d9b'),
 ('54', '54', 'en_us', 'social-icon-google-plus', NULL, '1', '2016-01-31 02:01:09', '2016-01-31 02:01:09', '09863540-474b-40bc-8076-07af9ddea6f5'),
 ('55', '55', 'en_us', 'social-icon-linkedin', NULL, '1', '2016-01-31 02:01:09', '2016-01-31 02:01:09', '03ce55c7-a10a-43ae-a0b6-9e7b17aa7982'),
 ('56', '56', 'en_us', 'social-icon-twitter', NULL, '1', '2016-01-31 02:01:10', '2016-01-31 02:01:10', '0560035f-a55b-4782-876d-805e9437856e'),
 ('61', '61', 'en_us', 'twitter', NULL, '1', '2016-01-31 02:01:16', '2016-01-31 02:01:16', '081d2fb7-0f70-43e4-b8de-238d6d76e019'),
 ('62', '62', 'en_us', 'zoom-49209142-3', NULL, '1', '2016-01-31 02:01:29', '2016-01-31 02:01:29', 'e6b4b787-f01b-4dcf-afec-4828e9e9c633'),
 ('63', '63', 'en_us', 'zoom-59077574-3', NULL, '1', '2016-01-31 02:01:31', '2016-01-31 02:01:31', 'ecebbdd7-8d7e-470b-839b-8af99b35fcd0'),
 ('71', '71', 'en_us', 'icon-compliance', NULL, '1', '2016-02-01 23:54:53', '2016-02-01 23:54:53', '866a6a86-b936-4e3e-be81-38115e69e612'),
 ('72', '72', 'en_us', 'icon-cost', NULL, '1', '2016-02-01 23:54:53', '2016-02-01 23:54:53', '43a0399d-8af9-4085-b6d9-237e61135cae'),
 ('73', '73', 'en_us', 'icon-leadtime', NULL, '1', '2016-02-01 23:54:53', '2016-02-01 23:54:53', '7febb1c7-5249-497c-a703-0667eadf2941'),
 ('74', '74', 'en_us', 'icon-networkscore', NULL, '1', '2016-02-01 23:54:54', '2016-02-01 23:54:54', 'b697b6d5-2be3-404f-8db6-d49dabf6802f'),
 ('75', '75', 'en_us', 'icon-risk', NULL, '1', '2016-02-01 23:54:54', '2016-02-01 23:54:54', '00261aa0-1105-4b4b-8084-5001e10f177a'),
 ('76', '76', 'en_us', 'coffee-cups', NULL, '1', '2016-02-01 23:54:54', '2016-02-01 23:54:54', '050c0f47-01a2-4a52-9ef4-5bedf8b17956'),
 ('77', '77', 'en_us', '', NULL, '1', '2016-02-02 00:14:59', '2016-02-02 01:43:05', 'd308dd66-8b24-4062-88a1-9246d2afe3d4'),
 ('82', '82', 'en_us', '', NULL, '1', '2016-02-02 00:15:00', '2016-02-02 05:36:27', '585194c2-3395-474f-baa7-4f50b8c84d07'),
 ('83', '83', 'en_us', 'solutions', 'solutions', '1', '2016-02-02 00:20:30', '2016-02-02 01:43:47', 'ca665c81-7f10-4b53-b2f9-0022f26e386c'),
 ('84', '84', 'en_us', '', NULL, '1', '2016-02-02 01:38:36', '2016-02-02 05:36:03', '63344fcb-ff18-41ca-9f61-ad7b1f7e6b9e'),
 ('85', '85', 'en_us', '', NULL, '1', '2016-02-02 04:38:07', '2016-02-02 05:36:27', '10a17d43-61b8-473f-b820-4dfeb0153d73'),
 ('86', '86', 'en_us', '', NULL, '1', '2016-02-02 04:38:07', '2016-02-02 05:36:27', '3d2ed91c-99d8-4a42-9cc1-b20e3acad242'),
 ('87', '87', 'en_us', '', NULL, '1', '2016-02-02 04:38:07', '2016-02-02 05:36:27', 'f7184ab8-dd8b-4e1f-90fc-eafa0a88aac6');



DROP TABLE IF EXISTS `craft_emailmessages`;


--
-- Schema for table `craft_emailmessages`
--
CREATE TABLE `craft_emailmessages` (
  `id` int(11) NOT NULL AUTO_INCREMENT,
  `key` char(150) COLLATE utf8_unicode_ci NOT NULL,
  `locale` char(12) COLLATE utf8_unicode_ci NOT NULL,
  `subject` varchar(1000) COLLATE utf8_unicode_ci NOT NULL,
  `body` text COLLATE utf8_unicode_ci NOT NULL,
  `dateCreated` datetime NOT NULL,
  `dateUpdated` datetime NOT NULL,
  `uid` char(36) COLLATE utf8_unicode_ci NOT NULL DEFAULT '0',
  PRIMARY KEY (`id`),
  UNIQUE KEY `craft_emailmessages_key_locale_unq_idx` (`key`,`locale`),
  KEY `craft_emailmessages_locale_fk` (`locale`)
) ENGINE=InnoDB DEFAULT CHARSET=utf8 COLLATE=utf8_unicode_ci;

DROP TABLE IF EXISTS `craft_entries`;


--
-- Schema for table `craft_entries`
--
CREATE TABLE `craft_entries` (
  `id` int(11) NOT NULL,
  `sectionId` int(11) NOT NULL,
  `typeId` int(11) DEFAULT NULL,
  `authorId` int(11) DEFAULT NULL,
  `postDate` datetime DEFAULT NULL,
  `expiryDate` datetime DEFAULT NULL,
  `dateCreated` datetime NOT NULL,
  `dateUpdated` datetime NOT NULL,
  `uid` char(36) COLLATE utf8_unicode_ci NOT NULL DEFAULT '0',
  PRIMARY KEY (`id`),
  KEY `craft_entries_sectionId_idx` (`sectionId`),
  KEY `craft_entries_typeId_idx` (`typeId`),
  KEY `craft_entries_postDate_idx` (`postDate`),
  KEY `craft_entries_expiryDate_idx` (`expiryDate`),
  KEY `craft_entries_authorId_fk` (`authorId`)
) ENGINE=InnoDB DEFAULT CHARSET=utf8 COLLATE=utf8_unicode_ci;

--
-- Data for table `craft_entries`
--

INSERT INTO `craft_entries` (`id`, `sectionId`, `typeId`, `authorId`, `postDate`, `expiryDate`, `dateCreated`, `dateUpdated`, `uid`) VALUES
 ('2', '1', '1', NULL, '2016-02-02 00:09:09', NULL, '2016-01-30 05:23:57', '2016-02-02 05:36:27', 'b3d1e73f-291f-42fd-b482-cd3ee7cb92cb'),
 ('83', '2', '2', NULL, '2016-02-02 01:43:47', NULL, '2016-02-02 00:20:30', '2016-02-02 01:43:47', '3e063d7b-abee-4fea-8844-2c845ea890cb');



DROP TABLE IF EXISTS `craft_entrydrafts`;


--
-- Schema for table `craft_entrydrafts`
--
CREATE TABLE `craft_entrydrafts` (
  `id` int(11) NOT NULL AUTO_INCREMENT,
  `entryId` int(11) NOT NULL,
  `sectionId` int(11) NOT NULL,
  `creatorId` int(11) NOT NULL,
  `locale` char(12) COLLATE utf8_unicode_ci NOT NULL,
  `name` varchar(255) COLLATE utf8_unicode_ci NOT NULL,
  `notes` tinytext COLLATE utf8_unicode_ci,
  `data` mediumtext COLLATE utf8_unicode_ci NOT NULL,
  `dateCreated` datetime NOT NULL,
  `dateUpdated` datetime NOT NULL,
  `uid` char(36) COLLATE utf8_unicode_ci NOT NULL DEFAULT '0',
  PRIMARY KEY (`id`),
  KEY `craft_entrydrafts_entryId_locale_idx` (`entryId`,`locale`),
  KEY `craft_entrydrafts_sectionId_fk` (`sectionId`),
  KEY `craft_entrydrafts_creatorId_fk` (`creatorId`),
  KEY `craft_entrydrafts_locale_fk` (`locale`)
) ENGINE=InnoDB DEFAULT CHARSET=utf8 COLLATE=utf8_unicode_ci;

DROP TABLE IF EXISTS `craft_entrytypes`;


--
-- Schema for table `craft_entrytypes`
--
CREATE TABLE `craft_entrytypes` (
  `id` int(11) NOT NULL AUTO_INCREMENT,
  `sectionId` int(11) NOT NULL,
  `fieldLayoutId` int(11) DEFAULT NULL,
  `name` varchar(255) COLLATE utf8_unicode_ci NOT NULL,
  `handle` varchar(255) COLLATE utf8_unicode_ci NOT NULL,
  `hasTitleField` tinyint(1) unsigned NOT NULL DEFAULT '1',
  `titleLabel` varchar(255) COLLATE utf8_unicode_ci DEFAULT 'Title',
  `titleFormat` varchar(255) COLLATE utf8_unicode_ci DEFAULT NULL,
  `sortOrder` tinyint(4) DEFAULT NULL,
  `dateCreated` datetime NOT NULL,
  `dateUpdated` datetime NOT NULL,
  `uid` char(36) COLLATE utf8_unicode_ci NOT NULL DEFAULT '0',
  PRIMARY KEY (`id`),
  UNIQUE KEY `craft_entrytypes_name_sectionId_unq_idx` (`name`,`sectionId`),
  UNIQUE KEY `craft_entrytypes_handle_sectionId_unq_idx` (`handle`,`sectionId`),
  KEY `craft_entrytypes_sectionId_fk` (`sectionId`),
  KEY `craft_entrytypes_fieldLayoutId_fk` (`fieldLayoutId`)
) ENGINE=InnoDB AUTO_INCREMENT=3 DEFAULT CHARSET=utf8 COLLATE=utf8_unicode_ci;

--
-- Data for table `craft_entrytypes`
--

INSERT INTO `craft_entrytypes` (`id`, `sectionId`, `fieldLayoutId`, `name`, `handle`, `hasTitleField`, `titleLabel`, `titleFormat`, `sortOrder`, `dateCreated`, `dateUpdated`, `uid`) VALUES
 ('1', '1', '33', 'Homepage', 'homepage', '1', 'Title', NULL, NULL, '2016-01-30 05:23:57', '2016-02-02 03:34:18', '24e71655-2b05-461a-b827-5a1d43a8f720'),
 ('2', '2', '27', 'Solutions', 'solutions', '0', NULL, '{section.name|raw}', NULL, '2016-02-02 00:20:30', '2016-02-02 00:20:30', '30364d47-9f1a-4763-9152-d2c01765952b');



DROP TABLE IF EXISTS `craft_entryversions`;


--
-- Schema for table `craft_entryversions`
--
CREATE TABLE `craft_entryversions` (
  `id` int(11) NOT NULL AUTO_INCREMENT,
  `entryId` int(11) NOT NULL,
  `sectionId` int(11) NOT NULL,
  `creatorId` int(11) DEFAULT NULL,
  `locale` char(12) COLLATE utf8_unicode_ci NOT NULL,
  `num` smallint(6) unsigned NOT NULL,
  `notes` tinytext COLLATE utf8_unicode_ci,
  `data` mediumtext COLLATE utf8_unicode_ci NOT NULL,
  `dateCreated` datetime NOT NULL,
  `dateUpdated` datetime NOT NULL,
  `uid` char(36) COLLATE utf8_unicode_ci NOT NULL DEFAULT '0',
  PRIMARY KEY (`id`),
  KEY `craft_entryversions_entryId_locale_idx` (`entryId`,`locale`),
  KEY `craft_entryversions_sectionId_fk` (`sectionId`),
  KEY `craft_entryversions_creatorId_fk` (`creatorId`),
  KEY `craft_entryversions_locale_fk` (`locale`)
) ENGINE=InnoDB AUTO_INCREMENT=16 DEFAULT CHARSET=utf8 COLLATE=utf8_unicode_ci;

--
-- Data for table `craft_entryversions`
--

INSERT INTO `craft_entryversions` (`id`, `entryId`, `sectionId`, `creatorId`, `locale`, `num`, `notes`, `data`, `dateCreated`, `dateUpdated`, `uid`) VALUES
 ('1', '2', '1', '1', 'en_us', '1', NULL, '{\"typeId\":\"1\",\"authorId\":null,\"title\":\"Homepage\",\"slug\":\"homepage\",\"postDate\":1454131437,\"expiryDate\":null,\"enabled\":1,\"parentId\":null,\"fields\":[]}', '2016-01-30 05:23:57', '2016-01-30 05:23:57', '0e5eb8c1-e588-4cca-bbc3-d27592113ac4'),
 ('2', '2', '1', '1', 'en_us', '2', NULL, '{\"typeId\":null,\"authorId\":null,\"title\":\"Welcome to Localhost!\",\"slug\":\"homepage\",\"postDate\":1454131437,\"expiryDate\":null,\"enabled\":\"1\",\"parentId\":null,\"fields\":{\"1\":\"<p>It\\u2019s true, this site doesn\\u2019t have a whole lot of content yet, but don\\u2019t worry. Our web developers have just installed the CMS, and they\\u2019re setting things up for the content editors this very moment. Soon Localhost will be an oasis of fresh perspectives, sharp analyses, and astute opinions that will keep you coming back again and again.<\\/p>\"}}', '2016-01-30 05:23:57', '2016-01-30 05:23:57', '60516652-f14e-4b14-bffe-38dbcbffe05a'),
 ('4', '2', '1', '1', 'en_us', '3', '', '{\"typeId\":null,\"authorId\":null,\"title\":\"PARADATA ENABLES SUPPLY CHAIN OPTIMIZATION\",\"slug\":\"homepage\",\"postDate\":1454131437,\"expiryDate\":null,\"enabled\":1,\"parentId\":null,\"fields\":{\"1\":\"<p>Paradata provides a state-of-the-art enterprise SaaS solution for organizing unstructured and structured data, as well as integrating public data, private data, and dark data, so businesses can increase operating profits. Our solution is comprised of a suite of unique applications that provide deep predictive and optimization algorithms, a powerful platform with data-centered integrated infrastructure, and a suite of common services to organize and harmonize datasets.<\\/p>\"}}', '2016-01-30 06:55:19', '2016-01-30 06:55:19', '4062088b-3df8-4b7f-8b33-fc64af37de69'),
 ('5', '2', '1', '1', 'en_us', '4', '', '{\"typeId\":null,\"authorId\":null,\"title\":\"PARADATA ENABLES SUPPLY CHAIN OPTIMIZATION\",\"slug\":\"homepage\",\"postDate\":1454131437,\"expiryDate\":null,\"enabled\":1,\"parentId\":null,\"fields\":{\"1\":\"<p>Paradata provides a state-of-the-art enterprise SaaS solution for organizing unstructured and structured data, as well as integrating public data, private data, and dark data, so businesses can increase operating profits. Our solution is comprised of a suite of unique applications that provide deep predictive and optimization algorithms, a powerful platform with data-centered integrated infrastructure, and a suite of common services to organize and harmonize datasets.<\\/p>\"}}', '2016-01-30 06:55:23', '2016-01-30 06:55:23', 'e6e44c9a-cc43-4096-bf8a-1afd91c9a508'),
 ('6', '2', '1', '1', 'en_us', '5', '', '{\"typeId\":\"1\",\"authorId\":null,\"title\":\"Homepage\",\"slug\":\"homepage\",\"postDate\":1454371749,\"expiryDate\":null,\"enabled\":1,\"parentId\":null,\"fields\":{\"6\":\"Paradata\\r\\n\\r\\n200 North Almaden Blvd. Suite 250\\r\\nSan Jose, California 95110\\r\\n\\r\\n408-791-2070\\r\\ninfo@paradata.io\",\"7\":[\"50\",\"61\",\"52\"],\"8\":[\"37\"],\"18\":\"Transparency Meets Supply Chain\",\"27\":{\"new1\":{\"type\":\"tabs\",\"enabled\":\"1\",\"fields\":{\"solutions\":\"Solutions\",\"pricing\":\"Pricing\",\"logIn\":\"Log In\"}}},\"25\":[\"35\"],\"19\":{\"new1\":{\"type\":\"coffeeBlock\",\"enabled\":\"1\",\"fields\":{\"header\":\"SCHEDULE A DEMO\",\"offer\":\"GET A COMPLIMENTARY GOURMET COFFEE GIFT CARD\",\"offerDescription\":\"Supply chain discovery and transparency for less than the cost of two lattes per month. The first 750 is on us!\",\"demoLabelText\":\"SCHEDULE A DEMO\",\"coffeeCups\":\"\"}}},\"5\":{\"new1\":{\"type\":\"slide\",\"enabled\":\"1\",\"fields\":{\"image\":\"\",\"slideHeader\":\"THE NETWORK SCORE\\u2120\",\"slideQuote\":\"\\\"If your product could say what it needs to be healthy, what would it say?\\\"\",\"slideBody\":\"The Paradata Network Score measures a supply chain in four dimensions: Leadtime, Cost, Compliance, and Risk.\",\"scoreButton\":\"What\'s your score?\"}}},\"9\":{\"new1\":{\"type\":\"process\",\"enabled\":\"1\",\"fields\":{\"numberBubble\":\"1\",\"processDescription\":\"Quickly analyze each bill of materials to improve operating profit, reduce supply risk, and adjust to demand variability. \",\"learnMoreLink\":\"\"}},\"new2\":{\"type\":\"process\",\"enabled\":\"1\",\"fields\":{\"numberBubble\":\"2\",\"processDescription\":\"Assesses existing prices compared to best public prices, delivering lower material costs. \",\"learnMoreLink\":\"\"}},\"new3\":{\"type\":\"process\",\"enabled\":\"1\",\"fields\":{\"numberBubble\":\"3\",\"processDescription\":\"Provides component and supplier catalogs along with authenticated dataset tools to improve analysis and optimize business processes. \",\"learnMoreLink\":\"\"}}}}}', '2016-02-02 00:15:00', '2016-02-02 00:15:00', '3aa7ec99-7f3b-488d-a5fd-a69c5f374aff'),
 ('7', '2', '1', '1', 'en_us', '6', '', '{\"typeId\":\"1\",\"authorId\":null,\"title\":\"Homepage\",\"slug\":\"homepage\",\"postDate\":1454371749,\"expiryDate\":null,\"enabled\":1,\"parentId\":null,\"fields\":{\"6\":\"Paradata\\r\\n\\r\\n200 North Almaden Blvd. Suite 250\\r\\nSan Jose, California 95110\\r\\n\\r\\n408-791-2070\\r\\ninfo@paradata.io\",\"7\":[\"50\",\"61\",\"52\"],\"8\":[\"37\"],\"18\":\"Transparency Meets Supply Chain\",\"27\":{\"77\":{\"type\":\"tabs\",\"enabled\":\"1\",\"fields\":{\"solutions\":\"Solutions\",\"pricing\":\"Pricing\",\"logIn\":\"Log In\"}}},\"25\":[\"35\"],\"19\":{\"82\":{\"type\":\"coffeeBlock\",\"enabled\":\"1\",\"fields\":{\"header\":\"SCHEDULE A DEMO\",\"offer\":\"GET A COMPLIMENTARY GOURMET COFFEE GIFT CARD\",\"offerDescription\":\"Supply chain discovery and transparency for less than the cost of two lattes per month. The first 750 is on us!\",\"demoLabelText\":\"SCHEDULE A DEMO\",\"coffeeCups\":\"\"}}},\"5\":{\"78\":{\"type\":\"slide\",\"enabled\":\"1\",\"fields\":{\"image\":\"\",\"slideHeader\":\"THE NETWORK SCORE\\u2120\",\"slideQuote\":\"\\\"If your product could say what it needs to be healthy, what would it say?\\\"\",\"slideBody\":\"The Paradata Network Score measures a supply chain in four dimensions: Leadtime, Cost, Compliance, and Risk.\",\"scoreButton\":\"What\'s your score?\"}}},\"9\":{\"79\":{\"type\":\"process\",\"enabled\":\"1\",\"fields\":{\"numberBubble\":\"1\",\"processDescription\":\"Quickly analyze each bill of materials to improve operating profit, reduce supply risk, and adjust to demand variability. \",\"learnMoreLink\":\"\"}},\"80\":{\"type\":\"process\",\"enabled\":\"1\",\"fields\":{\"numberBubble\":\"2\",\"processDescription\":\"Assesses existing prices compared to best public prices, delivering lower material costs. \",\"learnMoreLink\":\"\"}},\"81\":{\"type\":\"process\",\"enabled\":\"1\",\"fields\":{\"numberBubble\":\"3\",\"processDescription\":\"Provides component and supplier catalogs along with authenticated dataset tools to improve analysis and optimize business processes. \",\"learnMoreLink\":\"\"}}}}}', '2016-02-02 00:15:44', '2016-02-02 00:15:44', '83656e96-8952-457c-86a6-7a4e0e32eede'),
 ('8', '83', '2', '1', 'en_us', '1', NULL, '{\"typeId\":\"2\",\"authorId\":null,\"title\":\"Solutions\",\"slug\":\"solutions\",\"postDate\":1454372430,\"expiryDate\":null,\"enabled\":1,\"parentId\":null,\"fields\":[]}', '2016-02-02 00:20:30', '2016-02-02 00:20:30', 'e555ca06-4573-4269-8bd7-c6748e4bd62a'),
 ('9', '2', '1', '1', 'en_us', '7', '', '{\"typeId\":\"1\",\"authorId\":null,\"title\":\"Homepage\",\"slug\":\"homepage\",\"postDate\":1454371749,\"expiryDate\":null,\"enabled\":1,\"parentId\":null,\"fields\":{\"8\":[\"37\"],\"18\":\"Transparency Meets Supply Chain\",\"27\":{\"77\":{\"type\":\"tabs\",\"enabled\":\"1\",\"fields\":{\"solutions\":\"Solutions\",\"pricing\":\"Pricing\",\"logIn\":\"Log In\"}}},\"25\":[\"35\"],\"19\":{\"82\":{\"type\":\"coffeeBlock\",\"enabled\":\"1\",\"fields\":{\"header\":\"SCHEDULE A DEMO\",\"offer\":\"GET A COMPLIMENTARY GOURMET COFFEE GIFT CARD\",\"offerDescription\":\"Supply chain discovery and transparency for less than the cost of two lattes per month. The first 750 is on us!\",\"demoLabelText\":\"SCHEDULE A DEMO\",\"coffeeCups\":\"\"}}},\"5\":{\"78\":{\"type\":\"slide\",\"enabled\":\"1\",\"fields\":{\"image\":\"\",\"slideHeader\":\"THE NETWORK SCORE\\u2120\",\"slideQuote\":\"\\\"If your product could say what it needs to be healthy, what would it say?\\\"\",\"slideBody\":\"The Paradata Network Score measures a supply chain in four dimensions: Leadtime, Cost, Compliance, and Risk.\",\"scoreButton\":\"What\'s your score?\"}}},\"9\":{\"79\":{\"type\":\"process\",\"enabled\":\"1\",\"fields\":{\"numberBubble\":\"1\",\"processDescription\":\"Quickly analyze each bill of materials to improve operating profit, reduce supply risk, and adjust to demand variability. \",\"learnMoreLink\":\"\"}},\"80\":{\"type\":\"process\",\"enabled\":\"1\",\"fields\":{\"numberBubble\":\"2\",\"processDescription\":\"Assesses existing prices compared to best public prices, delivering lower material costs. \",\"learnMoreLink\":\"\"}},\"81\":{\"type\":\"process\",\"enabled\":\"1\",\"fields\":{\"numberBubble\":\"3\",\"processDescription\":\"Provides component and supplier catalogs along with authenticated dataset tools to improve analysis and optimize business processes. \",\"learnMoreLink\":\"\"}}}}}', '2016-02-02 01:43:06', '2016-02-02 01:43:06', 'd5ad3f4c-f8a7-445a-9c08-dbf8556953b0'),
 ('10', '2', '1', '1', 'en_us', '8', '', '{\"typeId\":\"1\",\"authorId\":null,\"title\":\"Homepage\",\"slug\":\"homepage\",\"postDate\":1454371749,\"expiryDate\":null,\"enabled\":1,\"parentId\":null,\"fields\":{\"37\":[\"74\"],\"8\":[\"37\"],\"18\":\"Transparency Meets Supply Chain\",\"19\":{\"82\":{\"type\":\"coffeeBlock\",\"enabled\":\"1\",\"fields\":{\"header\":\"SCHEDULE A DEMO\",\"offer\":\"GET A COMPLIMENTARY GOURMET COFFEE GIFT CARD\",\"offerDescription\":\"Supply chain discovery and transparency for less than the cost of two lattes per month. The first 750 is on us!\",\"demoLabelText\":\"SCHEDULE A DEMO\",\"coffeeCups\":\"\"}}},\"41\":\"\",\"40\":\"The Paradata Network Score measures a supply chain in four dimensions: Leadtime, Cost, Compliance, and Risk.\",\"38\":\"THE NETWORK SCORE\\u2120\",\"39\":\"\\\"If your product could say what it needs to be healthy, what would it say?\\\"\",\"9\":{\"79\":{\"type\":\"process\",\"enabled\":\"1\",\"fields\":{\"numberBubble\":\"1\",\"processDescription\":\"Quickly analyze each bill of materials to improve operating profit, reduce supply risk, and adjust to demand variability. \",\"learnMoreLink\":\"\"}},\"80\":{\"type\":\"process\",\"enabled\":\"1\",\"fields\":{\"numberBubble\":\"2\",\"processDescription\":\"Assesses existing prices compared to best public prices, delivering lower material costs. \",\"learnMoreLink\":\"\"}},\"81\":{\"type\":\"process\",\"enabled\":\"1\",\"fields\":{\"numberBubble\":\"3\",\"processDescription\":\"Provides component and supplier catalogs along with authenticated dataset tools to improve analysis and optimize business processes. \",\"learnMoreLink\":\"\"}}}}}', '2016-02-02 03:37:21', '2016-02-02 03:37:21', '9ed19075-64dc-45fe-a434-caf2adf59fe0'),
 ('11', '2', '1', '1', 'en_us', '9', '', '{\"typeId\":\"1\",\"authorId\":null,\"title\":\"Homepage\",\"slug\":\"homepage\",\"postDate\":1454371749,\"expiryDate\":null,\"enabled\":1,\"parentId\":null,\"fields\":{\"37\":[\"74\"],\"8\":[\"37\"],\"18\":\"Transparency Meets Supply Chain\",\"19\":{\"82\":{\"type\":\"coffeeBlock\",\"enabled\":\"1\",\"fields\":{\"header\":\"SCHEDULE A DEMO\",\"offer\":\"GET A COMPLIMENTARY GOURMET COFFEE GIFT CARD\",\"offerDescription\":\"Supply chain discovery and transparency for less than the cost of two lattes per month. The first 750 is on us!\",\"demoLabelText\":\"SCHEDULE A DEMO\",\"coffeeCups\":\"\"}}},\"41\":\"What\'s your score?\",\"40\":\"The Paradata Network Score measures a supply chain in four dimensions: Leadtime, Cost, Compliance, and Risk.\",\"38\":\"THE NETWORK SCORE\\u2120\",\"39\":\"\\\"If your product could say what it needs to be healthy, what would it say?\\\"\",\"9\":{\"79\":{\"type\":\"process\",\"enabled\":\"1\",\"fields\":{\"numberBubble\":\"1\",\"processDescription\":\"Quickly analyze each bill of materials to improve operating profit, reduce supply risk, and adjust to demand variability. \",\"learnMoreLink\":\"\"}},\"80\":{\"type\":\"process\",\"enabled\":\"1\",\"fields\":{\"numberBubble\":\"2\",\"processDescription\":\"Assesses existing prices compared to best public prices, delivering lower material costs. \",\"learnMoreLink\":\"\"}},\"81\":{\"type\":\"process\",\"enabled\":\"1\",\"fields\":{\"numberBubble\":\"3\",\"processDescription\":\"Provides component and supplier catalogs along with authenticated dataset tools to improve analysis and optimize business processes. \",\"learnMoreLink\":\"\"}}}}}', '2016-02-02 03:41:06', '2016-02-02 03:41:06', 'a803a4e9-a58c-4aed-8c8e-7d13f3c3c6fc'),
 ('12', '2', '1', '1', 'en_us', '10', '', '{\"typeId\":\"1\",\"authorId\":null,\"title\":\"Homepage\",\"slug\":\"homepage\",\"postDate\":1454371749,\"expiryDate\":null,\"enabled\":1,\"parentId\":null,\"fields\":{\"37\":[\"74\"],\"8\":[\"37\"],\"18\":\"Transparency Meets Supply Chain\",\"19\":{\"82\":{\"type\":\"coffeeBlock\",\"enabled\":\"1\",\"fields\":{\"header\":\"SCHEDULE A DEMO\",\"offer\":\"GET A COMPLIMENTARY GOURMET COFFEE GIFT CARD\",\"offerDescription\":\"Supply chain discovery and transparency for less than the cost of two lattes per month. The first 750 is on us!\",\"demoLabelText\":\"SCHEDULE A DEMO\",\"coffeeCups\":\"\"}}},\"41\":\"What\'s your score?\",\"40\":\"The Paradata Network Score measures a supply chain in four dimensions: Leadtime, Cost, Compliance, and Risk.\",\"38\":\"THE NETWORK SCORE\\u2120\",\"39\":\"\\\"If your product could say what it needs to be healthy, what would it say?\\\"\",\"9\":{\"79\":{\"type\":\"process\",\"enabled\":\"1\",\"fields\":{\"numberBubble\":\"1\",\"processDescription\":\"Quickly analyze each bill of materials to improve operating profit, reduce supply risk, and adjust to demand variability. \",\"learnMoreLink\":\"\"}},\"80\":{\"type\":\"process\",\"enabled\":\"1\",\"fields\":{\"numberBubble\":\"2\",\"processDescription\":\"Assesses existing prices compared to best public prices, delivering lower material costs. \",\"learnMoreLink\":\"\"}},\"81\":{\"type\":\"process\",\"enabled\":\"1\",\"fields\":{\"numberBubble\":\"3\",\"processDescription\":\"Provides component and supplier catalogs along with authenticated dataset tools to improve analysis and optimize business processes. \",\"learnMoreLink\":\"\"}}}}}', '2016-02-02 03:41:09', '2016-02-02 03:41:09', '68a1ce0c-315b-4466-9490-3eef7583f9fc'),
 ('13', '2', '1', '1', 'en_us', '11', '', '{\"typeId\":\"1\",\"authorId\":null,\"title\":\"Homepage\",\"slug\":\"homepage\",\"postDate\":1454371749,\"expiryDate\":null,\"enabled\":1,\"parentId\":null,\"fields\":{\"37\":[\"74\"],\"8\":[\"37\"],\"18\":\"Transparency Meets Supply Chain\",\"19\":{\"82\":{\"type\":\"coffeeBlock\",\"enabled\":\"1\",\"fields\":{\"header\":\"SCHEDULE A DEMO\",\"offer\":\"GET A COMPLIMENTARY GOURMET COFFEE GIFT CARD\",\"offerDescription\":\"Supply chain discovery and transparency for less than the cost of two lattes per month. The first 750 is on us!\",\"demoLabelText\":\"SCHEDULE A DEMO\",\"coffeeCups\":\"\"}}},\"41\":\"What\'s your score?\",\"40\":\"The Paradata Network Score measures a supply chain in four dimensions: Leadtime, Cost, Compliance, and Risk.\",\"38\":\"THE NETWORK SCORE\\u2120\",\"39\":\"\\\"If your product could say what it needs to be healthy, what would it say?\\\"\",\"9\":{\"new1\":{\"type\":\"processes\",\"enabled\":\"1\",\"fields\":{\"numberBubble\":\"1\",\"processDescription\":\"Quickly analyze each bill of materials to improve operating profit, reduce supply risk, and adjust to demand variability.\",\"linkText\":\"Learn more\"}},\"new2\":{\"type\":\"processes\",\"enabled\":\"1\",\"fields\":{\"numberBubble\":\"2\",\"processDescription\":\"Assesses existing prices compared to best public prices, delivering lower material costs.\",\"linkText\":\"Learn more\"}},\"new3\":{\"type\":\"processes\",\"enabled\":\"1\",\"fields\":{\"numberBubble\":\"3\",\"processDescription\":\"Provides component and supplier catalogs along with authenticated dataset tools to improve analysis and optimize business processes.\",\"linkText\":\"Learn more\"}}}}}', '2016-02-02 04:38:07', '2016-02-02 04:38:07', 'f4ffa270-61a4-46bd-8cf7-01686ab58296'),
 ('14', '2', '1', '1', 'en_us', '12', '', '{\"typeId\":\"1\",\"authorId\":null,\"title\":\"Homepage\",\"slug\":\"homepage\",\"postDate\":1454371749,\"expiryDate\":null,\"enabled\":1,\"parentId\":null,\"fields\":{\"37\":[\"74\"],\"8\":[\"37\"],\"18\":\"Transparency Meets Supply Chain\",\"19\":{\"82\":{\"type\":\"coffeeBlock\",\"enabled\":\"1\",\"fields\":{\"header\":\"SCHEDULE A DEMO\",\"offer\":\"GET A COMPLIMENTARY GOURMET COFFEE GIFT CARD\",\"offerDescription\":\"Supply chain discovery and transparency for less than the cost of two lattes per month. The first\",\"demoLabelText\":\"SCHEDULE A DEMO\",\"coffeeCups\":\"\"}}},\"41\":\"What\'s your score?\",\"40\":\"The Paradata Network Score measures a supply chain in four dimensions: Leadtime, Cost, Compliance, and Risk.\",\"38\":\"THE NETWORK SCORE\\u2120\",\"39\":\"\\\"If your product could say what it needs to be healthy, what would it say?\\\"\",\"9\":{\"85\":{\"type\":\"processes\",\"enabled\":\"1\",\"fields\":{\"numberBubble\":\"1\",\"processDescription\":\"Quickly analyze each bill of materials to improve operating profit, reduce supply risk, and adjust to demand variability.\",\"linkText\":\"Learn more\"}},\"86\":{\"type\":\"processes\",\"enabled\":\"1\",\"fields\":{\"numberBubble\":\"2\",\"processDescription\":\"Assesses existing prices compared to best public prices, delivering lower material costs.\",\"linkText\":\"Learn more\"}},\"87\":{\"type\":\"processes\",\"enabled\":\"1\",\"fields\":{\"numberBubble\":\"3\",\"processDescription\":\"Provides component and supplier catalogs along with authenticated dataset tools to improve analysis and optimize business processes.\",\"linkText\":\"Learn more\"}}}}}', '2016-02-02 05:02:09', '2016-02-02 05:02:09', 'c72a6d8d-d710-402d-bfe7-54b477c51829'),
 ('15', '2', '1', '1', 'en_us', '13', '', '{\"typeId\":\"1\",\"authorId\":null,\"title\":\"Homepage\",\"slug\":\"homepage\",\"postDate\":1454371749,\"expiryDate\":null,\"enabled\":1,\"parentId\":null,\"fields\":{\"37\":[\"74\"],\"8\":[\"37\"],\"18\":\"Transparency Meets Supply Chain\",\"19\":{\"82\":{\"type\":\"coffeeBlock\",\"enabled\":\"1\",\"fields\":{\"header\":\"SCHEDULE A DEMO\",\"offer\":\"GET A COMPLIMENTARY GOURMET COFFEE GIFT CARD\",\"offerDescription\":\"Supply chain discovery and transparency for less than the cost of two lattes per month. The first\",\"demoLabelText\":\"SCHEDULE A DEMO\",\"coffeeCups\":\"\"}}},\"41\":\"What\'s your score?\",\"40\":\"The Paradata Network Score measures a supply chain in four dimensions: Leadtime, Cost, Compliance, and Risk.\",\"38\":\"THE NETWORK SCORE\\u2120\",\"39\":\"\\\"If your product could say what it needs to be healthy, what would it say?\\\"\",\"9\":{\"85\":{\"type\":\"processes\",\"enabled\":\"1\",\"fields\":{\"numberBubble\":\"1\",\"processDescription\":\"Quickly analyze each bill of materials to improve operating profit, reduce supply risk, and adjust to demand variability.\",\"linkText\":\"Learn more\"}},\"86\":{\"type\":\"processes\",\"enabled\":\"1\",\"fields\":{\"numberBubble\":\"2\",\"processDescription\":\"Assesses existing prices compared to best public prices, delivering lower material costs.\",\"linkText\":\"Learn more\"}},\"87\":{\"type\":\"processes\",\"enabled\":\"1\",\"fields\":{\"numberBubble\":\"3\",\"processDescription\":\"Provides component and supplier catalogs along with authenticated dataset tools to improve analysis and optimize business processes.\",\"linkText\":\"Learn more\"}}}}}', '2016-02-02 05:36:27', '2016-02-02 05:36:27', '5f412a2e-4527-44bf-8834-01284e4e2eca');



DROP TABLE IF EXISTS `craft_fieldgroups`;


--
-- Schema for table `craft_fieldgroups`
--
CREATE TABLE `craft_fieldgroups` (
  `id` int(11) NOT NULL AUTO_INCREMENT,
  `name` varchar(255) COLLATE utf8_unicode_ci NOT NULL,
  `dateCreated` datetime NOT NULL,
  `dateUpdated` datetime NOT NULL,
  `uid` char(36) COLLATE utf8_unicode_ci NOT NULL DEFAULT '0',
  PRIMARY KEY (`id`),
  UNIQUE KEY `craft_fieldgroups_name_unq_idx` (`name`)
) ENGINE=InnoDB AUTO_INCREMENT=8 DEFAULT CHARSET=utf8 COLLATE=utf8_unicode_ci;

--
-- Data for table `craft_fieldgroups`
--

INSERT INTO `craft_fieldgroups` (`id`, `name`, `dateCreated`, `dateUpdated`, `uid`) VALUES
 ('2', 'Header', '2016-01-30 23:24:13', '2016-01-30 23:24:13', 'bd7c3b8f-4b7d-4175-b156-10c1e7c20e3f'),
 ('3', 'Homepage', '2016-01-31 00:38:38', '2016-01-31 00:38:38', '365e81a8-d649-4f81-bcb0-7176285feb2f'),
 ('5', 'Solutions Page', '2016-02-02 00:35:10', '2016-02-02 00:35:10', '68bb65df-4593-4037-9ee8-8ba8d3b1c3a4'),
 ('6', 'Footer', '2016-02-02 01:38:57', '2016-02-02 01:38:57', 'f66977c9-76fb-45cc-9db6-9f0cdda6cef5'),
 ('7', 'First Slide', '2016-02-02 03:29:28', '2016-02-02 03:29:28', '1e493f05-c2be-4fc7-b98d-4342fb4461a2');



DROP TABLE IF EXISTS `craft_fieldlayoutfields`;


--
-- Schema for table `craft_fieldlayoutfields`
--
CREATE TABLE `craft_fieldlayoutfields` (
  `id` int(11) NOT NULL AUTO_INCREMENT,
  `layoutId` int(11) NOT NULL,
  `tabId` int(11) NOT NULL,
  `fieldId` int(11) NOT NULL,
  `required` tinyint(1) unsigned NOT NULL DEFAULT '0',
  `sortOrder` tinyint(4) DEFAULT NULL,
  `dateCreated` datetime NOT NULL,
  `dateUpdated` datetime NOT NULL,
  `uid` char(36) COLLATE utf8_unicode_ci NOT NULL DEFAULT '0',
  PRIMARY KEY (`id`),
  UNIQUE KEY `craft_fieldlayoutfields_layoutId_fieldId_unq_idx` (`layoutId`,`fieldId`),
  KEY `craft_fieldlayoutfields_sortOrder_idx` (`sortOrder`),
  KEY `craft_fieldlayoutfields_tabId_fk` (`tabId`),
  KEY `craft_fieldlayoutfields_fieldId_fk` (`fieldId`)
) ENGINE=InnoDB AUTO_INCREMENT=108 DEFAULT CHARSET=utf8 COLLATE=utf8_unicode_ci;

--
-- Data for table `craft_fieldlayoutfields`
--

INSERT INTO `craft_fieldlayoutfields` (`id`, `layoutId`, `tabId`, `fieldId`, `required`, `sortOrder`, `dateCreated`, `dateUpdated`, `uid`) VALUES
 ('31', '22', '11', '20', '0', '1', '2016-02-01 23:41:05', '2016-02-01 23:41:05', 'ed86c24c-887e-4341-8b50-db35ff5b2f37'),
 ('32', '22', '11', '21', '0', '2', '2016-02-01 23:41:05', '2016-02-01 23:41:05', 'f75b5bc0-a8c8-4ca4-a190-a1893d33f073'),
 ('33', '22', '11', '22', '0', '3', '2016-02-01 23:41:05', '2016-02-01 23:41:05', '051af985-7fb9-43c7-b65e-ea96960aef1a'),
 ('34', '22', '11', '23', '0', '4', '2016-02-01 23:41:05', '2016-02-01 23:41:05', 'b2ecbf2b-b977-4429-a405-4b180f3f420d'),
 ('35', '22', '11', '24', '0', '5', '2016-02-01 23:41:05', '2016-02-01 23:41:05', '144eeaf5-3d03-4e80-bd57-e6395ff0fcbc'),
 ('36', '23', '12', '28', '0', '1', '2016-02-01 23:46:56', '2016-02-01 23:46:56', 'b098ecb0-87c2-451e-bff2-effd0db20ffe'),
 ('37', '23', '12', '29', '0', '2', '2016-02-01 23:46:56', '2016-02-01 23:46:56', '65d28a43-f502-4117-bdf5-995b8a048139'),
 ('38', '23', '12', '30', '0', '3', '2016-02-01 23:46:56', '2016-02-01 23:46:56', 'd7d70d4d-1232-4024-8ae9-525dd8387e85'),
 ('86', '33', '26', '8', '1', '1', '2016-02-02 03:34:18', '2016-02-02 03:34:18', 'b589119d-3cfc-45b6-8a26-be963e7947a5'),
 ('87', '33', '26', '18', '1', '2', '2016-02-02 03:34:18', '2016-02-02 03:34:18', '0e1814c6-0df9-48b5-ae4a-e9e1738adb8b'),
 ('88', '33', '26', '9', '1', '3', '2016-02-02 03:34:18', '2016-02-02 03:34:18', '45a1d80c-5a3e-4fc6-8dde-579e483f1689'),
 ('89', '33', '26', '19', '1', '4', '2016-02-02 03:34:18', '2016-02-02 03:34:18', 'fc3bf026-726b-4d18-9d7c-be52653ae398'),
 ('90', '33', '27', '37', '0', '1', '2016-02-02 03:34:18', '2016-02-02 03:34:18', 'eefd128c-f56c-4356-99b6-0d4dd244d8f7'),
 ('91', '33', '27', '38', '0', '2', '2016-02-02 03:34:18', '2016-02-02 03:34:18', '4392fdb1-3936-454c-b101-ea20a4f3a60a'),
 ('92', '33', '27', '39', '0', '3', '2016-02-02 03:34:18', '2016-02-02 03:34:18', '9c6803fd-76b2-4077-a651-e9a4ed2c2bdc'),
 ('93', '33', '27', '40', '0', '4', '2016-02-02 03:34:18', '2016-02-02 03:34:18', '093df0ac-ed59-4a87-bfc0-b7b4aa18641a'),
 ('94', '33', '27', '41', '0', '5', '2016-02-02 03:34:18', '2016-02-02 03:34:18', 'b90b5bab-2a61-4609-b409-91983d6cd275'),
 ('98', '37', '31', '45', '0', '1', '2016-02-02 04:36:44', '2016-02-02 04:36:44', 'e04d6eed-d7ab-401c-8dea-cdc0b48cf787'),
 ('99', '37', '31', '46', '0', '2', '2016-02-02 04:36:44', '2016-02-02 04:36:44', 'b42a2770-1734-432d-b80f-04c49de7759c'),
 ('100', '37', '31', '47', '0', '3', '2016-02-02 04:36:44', '2016-02-02 04:36:44', '42dd46bf-0021-43f7-9cb0-a6d414a504a6'),
 ('101', '38', '32', '48', '0', '1', '2016-02-02 05:16:36', '2016-02-02 05:16:36', 'c585d197-db05-4aef-b143-0a3a055182c5'),
 ('102', '38', '32', '49', '0', '2', '2016-02-02 05:16:36', '2016-02-02 05:16:36', '979345df-5d11-4da1-af5d-07e040710524'),
 ('103', '38', '32', '50', '0', '3', '2016-02-02 05:16:36', '2016-02-02 05:16:36', 'fbfa4fc9-3f21-4bcc-83e0-cdf797a43088'),
 ('104', '38', '32', '51', '0', '4', '2016-02-02 05:16:36', '2016-02-02 05:16:36', '19739635-0b7c-4365-9167-ca5d3da6d070'),
 ('105', '38', '32', '52', '0', '5', '2016-02-02 05:16:36', '2016-02-02 05:16:36', '920d7287-6f85-48d0-9a19-9f6b09faa033'),
 ('106', '38', '32', '33', '0', '6', '2016-02-02 05:16:36', '2016-02-02 05:16:36', 'c92e3eaf-ec23-446b-b862-07a91b26d5ba'),
 ('107', '38', '32', '35', '0', '7', '2016-02-02 05:16:36', '2016-02-02 05:16:36', '686f81f6-e5ec-439d-b7a7-5c224486b7e9');



DROP TABLE IF EXISTS `craft_fieldlayouts`;


--
-- Schema for table `craft_fieldlayouts`
--
CREATE TABLE `craft_fieldlayouts` (
  `id` int(11) NOT NULL AUTO_INCREMENT,
  `type` varchar(150) COLLATE utf8_unicode_ci NOT NULL,
  `dateCreated` datetime NOT NULL,
  `dateUpdated` datetime NOT NULL,
  `uid` char(36) COLLATE utf8_unicode_ci NOT NULL DEFAULT '0',
  PRIMARY KEY (`id`),
  KEY `craft_fieldlayouts_type_idx` (`type`)
) ENGINE=InnoDB AUTO_INCREMENT=39 DEFAULT CHARSET=utf8 COLLATE=utf8_unicode_ci;

--
-- Data for table `craft_fieldlayouts`
--

INSERT INTO `craft_fieldlayouts` (`id`, `type`, `dateCreated`, `dateUpdated`, `uid`) VALUES
 ('1', 'Tag', '2016-01-30 05:23:56', '2016-01-30 05:23:56', '70f9a2b4-6748-4298-b223-39574a160b33'),
 ('5', 'Entry', '2016-01-30 05:23:57', '2016-01-30 05:23:57', '1e1683b9-863d-421e-8ebb-cfd24f65df21'),
 ('9', 'Asset', '2016-01-31 00:26:50', '2016-01-31 00:26:50', 'bc6bd852-ce75-4127-bd81-d49f592803c4'),
 ('10', 'Asset', '2016-01-31 01:49:59', '2016-01-31 01:49:59', '200f2728-2a1b-4d07-9555-8671faf86556'),
 ('11', 'Asset', '2016-01-31 01:50:50', '2016-01-31 01:50:50', 'fad035c1-48c6-407d-9b84-d45fc6bffe65'),
 ('12', 'Asset', '2016-01-31 01:52:12', '2016-01-31 01:52:12', '11f85dc6-cc0e-4bbe-ab62-6034955b9bc5'),
 ('13', 'Asset', '2016-01-31 01:52:26', '2016-01-31 01:52:26', 'c5ccbc0f-4c91-4518-9e41-6e8d8c2ceb3e'),
 ('14', 'Asset', '2016-01-31 01:52:49', '2016-01-31 01:52:49', 'f5d69991-f552-4863-81ab-178d7db0fd07'),
 ('15', 'Asset', '2016-01-31 01:53:14', '2016-01-31 01:53:14', '2328985e-551c-41cd-af18-5d2d47f1b2a4'),
 ('22', 'MatrixBlock', '2016-02-01 23:41:05', '2016-02-01 23:41:05', '2debd883-a9b2-40e9-81a9-e413fd2912fb'),
 ('23', 'MatrixBlock', '2016-02-01 23:46:56', '2016-02-01 23:46:56', '572508ef-c2d1-4508-a3a8-8e4fb9c84c74'),
 ('27', 'Entry', '2016-02-02 00:20:30', '2016-02-02 00:20:30', '25199153-1e77-4afa-a265-57a8e87e1706'),
 ('33', 'Entry', '2016-02-02 03:34:18', '2016-02-02 03:34:18', 'd6ae77e8-2b57-4ac1-bdc3-6945b553efef'),
 ('37', 'MatrixBlock', '2016-02-02 04:36:44', '2016-02-02 04:36:44', '1bf5edd2-ab70-4ef6-9ee1-6afa894d183d'),
 ('38', 'GlobalSet', '2016-02-02 05:16:36', '2016-02-02 05:16:36', 'dc3d5279-c751-4ba3-8476-a1fb4753a8b4');



DROP TABLE IF EXISTS `craft_fieldlayouttabs`;


--
-- Schema for table `craft_fieldlayouttabs`
--
CREATE TABLE `craft_fieldlayouttabs` (
  `id` int(11) NOT NULL AUTO_INCREMENT,
  `layoutId` int(11) NOT NULL,
  `name` varchar(255) COLLATE utf8_unicode_ci NOT NULL,
  `sortOrder` tinyint(4) DEFAULT NULL,
  `dateCreated` datetime NOT NULL,
  `dateUpdated` datetime NOT NULL,
  `uid` char(36) COLLATE utf8_unicode_ci NOT NULL DEFAULT '0',
  PRIMARY KEY (`id`),
  KEY `craft_fieldlayouttabs_sortOrder_idx` (`sortOrder`),
  KEY `craft_fieldlayouttabs_layoutId_fk` (`layoutId`)
) ENGINE=InnoDB AUTO_INCREMENT=33 DEFAULT CHARSET=utf8 COLLATE=utf8_unicode_ci;

--
-- Data for table `craft_fieldlayouttabs`
--

INSERT INTO `craft_fieldlayouttabs` (`id`, `layoutId`, `name`, `sortOrder`, `dateCreated`, `dateUpdated`, `uid`) VALUES
 ('2', '5', 'Content', '1', '2016-01-30 05:23:57', '2016-01-30 05:23:57', '6dffd099-4e66-4821-b995-cd9245fc5676'),
 ('11', '22', 'Content', '1', '2016-02-01 23:41:05', '2016-02-01 23:41:05', '37f6de32-3f65-4f86-95fc-cbbe7c3ab000'),
 ('12', '23', 'Content', '1', '2016-02-01 23:46:56', '2016-02-01 23:46:56', '557d3975-f40a-4260-8975-048d2feb4d22'),
 ('26', '33', 'Homepage', '1', '2016-02-02 03:34:18', '2016-02-02 03:34:18', '22a407a4-29e0-413d-a95a-213cc8b42948'),
 ('27', '33', 'First Slide', '2', '2016-02-02 03:34:18', '2016-02-02 03:34:18', 'f2a68c88-f516-49b3-b4e8-ab62bdb56470'),
 ('31', '37', 'Content', '1', '2016-02-02 04:36:44', '2016-02-02 04:36:44', '93053571-6983-4c09-a01e-0520a081fc1b'),
 ('32', '38', 'Content', '1', '2016-02-02 05:16:36', '2016-02-02 05:16:36', 'b5035067-5e9f-4f12-a191-ddf9e2660e12');



DROP TABLE IF EXISTS `craft_fields`;


--
-- Schema for table `craft_fields`
--
CREATE TABLE `craft_fields` (
  `id` int(11) NOT NULL AUTO_INCREMENT,
  `groupId` int(11) DEFAULT NULL,
  `name` varchar(255) COLLATE utf8_unicode_ci NOT NULL,
  `handle` varchar(58) COLLATE utf8_unicode_ci NOT NULL,
  `context` varchar(255) COLLATE utf8_unicode_ci NOT NULL DEFAULT 'global',
  `instructions` text COLLATE utf8_unicode_ci,
  `translatable` tinyint(1) unsigned NOT NULL DEFAULT '0',
  `type` varchar(150) COLLATE utf8_unicode_ci NOT NULL,
  `settings` text COLLATE utf8_unicode_ci,
  `dateCreated` datetime NOT NULL,
  `dateUpdated` datetime NOT NULL,
  `uid` char(36) COLLATE utf8_unicode_ci NOT NULL DEFAULT '0',
  PRIMARY KEY (`id`),
  UNIQUE KEY `craft_fields_handle_context_unq_idx` (`handle`,`context`),
  KEY `craft_fields_context_idx` (`context`),
  KEY `craft_fields_groupId_fk` (`groupId`)
) ENGINE=InnoDB AUTO_INCREMENT=54 DEFAULT CHARSET=utf8 COLLATE=utf8_unicode_ci;

--
-- Data for table `craft_fields`
--

INSERT INTO `craft_fields` (`id`, `groupId`, `name`, `handle`, `context`, `instructions`, `translatable`, `type`, `settings`, `dateCreated`, `dateUpdated`, `uid`) VALUES
 ('8', '3', 'Hero Image', 'heroImage', 'global', '', '0', 'Assets', '{\"useSingleFolder\":\"\",\"sources\":[\"folder:4\"],\"defaultUploadLocationSource\":\"2\",\"defaultUploadLocationSubpath\":\"\",\"singleUploadLocationSource\":\"2\",\"singleUploadLocationSubpath\":\"\",\"restrictFiles\":\"\",\"limit\":\"1\",\"viewMode\":\"list\",\"selectionLabel\":\"\"}', '2016-01-31 02:40:18', '2016-01-31 02:40:18', 'efc41534-e75e-4a10-882f-85d4d60fccd4'),
 ('9', '3', 'Three Step Process', 'threeStepProcess', 'global', '', '0', 'Matrix', '{\"maxBlocks\":\"3\"}', '2016-01-31 03:14:37', '2016-02-02 04:36:43', '5b217500-9a70-4ef7-9de7-3a8005388d1d'),
 ('18', '3', 'Homepage Header', 'homepageHeader', 'global', '', '0', 'PlainText', '{\"placeholder\":\"\",\"maxLength\":\"\",\"multiline\":\"\",\"initialRows\":\"4\"}', '2016-02-01 23:34:06', '2016-02-01 23:34:06', '46211ae6-cde3-4c62-8cef-f5c6be7a3b76'),
 ('19', '3', 'Promo Coffee', 'promoCoffee', 'global', '', '0', 'Matrix', '{\"maxBlocks\":null}', '2016-02-01 23:41:05', '2016-02-01 23:41:05', 'f5c07087-062e-47f6-8cad-b4c40f9348a4'),
 ('20', NULL, 'Header', 'header', 'matrixBlockType:3', '', '0', 'PlainText', '{\"placeholder\":\"\",\"maxLength\":\"\",\"multiline\":\"\",\"initialRows\":\"4\"}', '2016-02-01 23:41:05', '2016-02-01 23:41:05', 'b008be8f-cf22-45a7-8c50-ccb92498e7f5'),
 ('21', NULL, 'Offer', 'offer', 'matrixBlockType:3', '', '0', 'PlainText', '{\"placeholder\":\"\",\"maxLength\":\"\",\"multiline\":\"\",\"initialRows\":\"4\"}', '2016-02-01 23:41:05', '2016-02-01 23:41:05', '3c33548b-adb3-425e-85de-af8677c88e0d'),
 ('22', NULL, 'Offer Description', 'offerDescription', 'matrixBlockType:3', '', '0', 'PlainText', '{\"placeholder\":\"\",\"maxLength\":\"\",\"multiline\":\"\",\"initialRows\":\"4\"}', '2016-02-01 23:41:05', '2016-02-01 23:41:05', '943bca6b-c454-4794-b4dc-ea7360d3d73a'),
 ('23', NULL, 'Demo Label Text', 'demoLabelText', 'matrixBlockType:3', '', '0', 'PlainText', '{\"placeholder\":\"\",\"maxLength\":\"\",\"multiline\":\"\",\"initialRows\":\"4\"}', '2016-02-01 23:41:05', '2016-02-01 23:41:05', 'cff144d9-095d-45df-8973-a9cd85a2fb81'),
 ('24', NULL, 'Coffee Cups', 'coffeeCups', 'matrixBlockType:3', '', '0', 'Assets', '{\"useSingleFolder\":\"\",\"sources\":[\"folder:2\"],\"defaultUploadLocationSource\":\"2\",\"defaultUploadLocationSubpath\":\"\",\"singleUploadLocationSource\":\"2\",\"singleUploadLocationSubpath\":\"\",\"restrictFiles\":\"\",\"limit\":\"\",\"viewMode\":\"list\",\"selectionLabel\":\"\"}', '2016-02-01 23:41:05', '2016-02-01 23:41:05', 'a77fd668-40dd-481c-9fe9-a1e2435a6fa9'),
 ('25', '2', 'Paradata Logo', 'paradataLogo', 'global', '', '0', 'Assets', '{\"useSingleFolder\":\"\",\"sources\":\"*\",\"defaultUploadLocationSource\":\"2\",\"defaultUploadLocationSubpath\":\"\",\"singleUploadLocationSource\":\"2\",\"singleUploadLocationSubpath\":\"\",\"restrictFiles\":\"\",\"limit\":\"\",\"viewMode\":\"list\",\"selectionLabel\":\"\"}', '2016-02-01 23:44:51', '2016-02-01 23:44:51', '2914535d-0be1-4b71-a645-ab221ec7569f'),
 ('27', '2', 'Navigation Tabs', 'navigationTabs', 'global', '', '0', 'Matrix', '{\"maxBlocks\":null}', '2016-02-01 23:46:55', '2016-02-01 23:46:55', '69fae2ea-4ef2-4802-9917-a5d3b8cf8497'),
 ('28', NULL, 'Solutions', 'solutions', 'matrixBlockType:4', '', '0', 'PlainText', '{\"placeholder\":\"SOLUTIONS\",\"maxLength\":\"\",\"multiline\":\"\",\"initialRows\":\"4\"}', '2016-02-01 23:46:55', '2016-02-01 23:46:55', '66d559bf-0153-461f-992b-f6efa422ad89'),
 ('29', NULL, 'Pricing', 'pricing', 'matrixBlockType:4', '', '0', 'PlainText', '{\"placeholder\":\"PRICING\",\"maxLength\":\"\",\"multiline\":\"\",\"initialRows\":\"4\"}', '2016-02-01 23:46:56', '2016-02-01 23:46:56', 'eac3f702-007a-4216-84de-c288c0bd90e2'),
 ('30', NULL, 'Log In', 'logIn', 'matrixBlockType:4', '', '0', 'PlainText', '{\"placeholder\":\"LOG IN\",\"maxLength\":\"\",\"multiline\":\"\",\"initialRows\":\"4\"}', '2016-02-01 23:46:56', '2016-02-01 23:46:56', '3ee506f8-8af2-4dd4-aba5-fd7a0f3951e2'),
 ('31', '5', 'First Header', 'solutionsHeader', 'global', '', '0', 'PlainText', '{\"placeholder\":\"\",\"maxLength\":\"\",\"multiline\":\"\",\"initialRows\":\"4\"}', '2016-02-02 00:35:41', '2016-02-02 01:48:18', 'f81bbb55-efea-40a0-9e9e-4b0294a8641a'),
 ('32', '5', 'First Subheader', 'solutionsSubheader', 'global', '', '0', 'PlainText', '{\"placeholder\":\"\",\"maxLength\":\"\",\"multiline\":\"\",\"initialRows\":\"4\"}', '2016-02-02 00:35:49', '2016-02-02 01:48:26', 'd3b3bab6-a4f0-4224-8ae7-a6a7d2b5088d'),
 ('33', '6', 'Follow Us Icons', 'followUsIcons', 'global', '', '0', 'Assets', '{\"useSingleFolder\":\"\",\"sources\":[\"folder:6\"],\"defaultUploadLocationSource\":\"2\",\"defaultUploadLocationSubpath\":\"\",\"singleUploadLocationSource\":\"2\",\"singleUploadLocationSubpath\":\"\",\"restrictFiles\":\"\",\"limit\":\"\",\"viewMode\":\"list\",\"selectionLabel\":\"\"}', '2016-02-02 01:39:40', '2016-02-02 05:03:28', 'f613f74a-b263-4c33-8571-0d73d2c1dba3'),
 ('35', '6', 'Copyright Text', 'copyrightText', 'global', '', '0', 'PlainText', '{\"placeholder\":\"\",\"maxLength\":\"\",\"multiline\":\"\",\"initialRows\":\"4\"}', '2016-02-02 01:42:28', '2016-02-02 01:42:28', '50481fc8-492f-4707-afc7-3b5ffe385484'),
 ('36', '5', 'Second Header', 'secondHeader', 'global', '', '0', 'PlainText', '{\"placeholder\":\"\",\"maxLength\":\"\",\"multiline\":\"\",\"initialRows\":\"4\"}', '2016-02-02 01:48:04', '2016-02-02 01:48:04', 'a6fb119f-97c9-42ce-abfd-e476de774989'),
 ('37', '7', 'Full Icon Image', 'icon', 'global', '', '0', 'Assets', '{\"useSingleFolder\":\"\",\"sources\":[\"folder:6\"],\"defaultUploadLocationSource\":\"2\",\"defaultUploadLocationSubpath\":\"\",\"singleUploadLocationSource\":\"2\",\"singleUploadLocationSubpath\":\"\",\"restrictFiles\":\"\",\"limit\":\"\",\"viewMode\":\"list\",\"selectionLabel\":\"\"}', '2016-02-02 03:30:14', '2016-02-02 03:36:11', '85de3570-f245-4a19-818f-5985a0dd260d'),
 ('38', '7', 'Slide Header', 'slideHeader', 'global', '', '0', 'PlainText', '{\"placeholder\":\"\",\"maxLength\":\"\",\"multiline\":\"\",\"initialRows\":\"4\"}', '2016-02-02 03:30:50', '2016-02-02 03:30:50', '5d96ac4e-8044-430e-9a56-c7e33f37d2f4'),
 ('39', '7', 'Slide Question', 'slideQuestion', 'global', '', '0', 'PlainText', '{\"placeholder\":\"\",\"maxLength\":\"\",\"multiline\":\"\",\"initialRows\":\"4\"}', '2016-02-02 03:30:57', '2016-02-02 03:30:57', '58c5c121-27ce-45f0-955b-8bd4fce015e9'),
 ('40', '7', 'Slide Description', 'slideDescription', 'global', '', '0', 'PlainText', '{\"placeholder\":\"\",\"maxLength\":\"\",\"multiline\":\"\",\"initialRows\":\"4\"}', '2016-02-02 03:31:22', '2016-02-02 03:31:22', '06499222-b698-4ad5-ab55-f0039297a93b'),
 ('41', '7', 'Score Label Text', 'scoreLabelText', 'global', '', '0', 'PlainText', '{\"placeholder\":\"What\'s your score?\",\"maxLength\":\"\",\"multiline\":\"\",\"initialRows\":\"4\"}', '2016-02-02 03:32:16', '2016-02-02 03:32:16', '303e12d1-6f0c-4fd5-ae07-71b31a5b320f'),
 ('45', NULL, 'Number Bubble', 'numberBubble', 'matrixBlockType:8', '', '0', 'PlainText', '{\"placeholder\":\"\",\"maxLength\":\"\",\"multiline\":\"\",\"initialRows\":\"4\"}', '2016-02-02 04:36:44', '2016-02-02 04:36:44', 'e994d2a8-1c4b-4863-841d-1b37d3a753c1'),
 ('46', NULL, 'Process Description', 'processDescription', 'matrixBlockType:8', '', '0', 'PlainText', '{\"placeholder\":\"\",\"maxLength\":\"\",\"multiline\":\"\",\"initialRows\":\"4\"}', '2016-02-02 04:36:44', '2016-02-02 04:36:44', 'b890e08d-a1c5-4219-8768-fdd797b6cdef'),
 ('47', NULL, 'Link Text', 'linkText', 'matrixBlockType:8', '', '0', 'PlainText', '{\"placeholder\":\"\",\"maxLength\":\"\",\"multiline\":\"\",\"initialRows\":\"4\"}', '2016-02-02 04:36:44', '2016-02-02 04:36:44', '2d0959fa-31c4-44bc-9c4a-005e0718ba61'),
 ('48', '6', 'Company Name', 'companyName', 'global', '', '0', 'PlainText', '{\"placeholder\":\"\",\"maxLength\":\"\",\"multiline\":\"\",\"initialRows\":\"4\"}', '2016-02-02 05:13:48', '2016-02-02 05:13:48', '98d77337-2c4b-4455-98c4-c6cda7b76307'),
 ('49', '6', 'Address Line 1', 'addressLine1', 'global', '', '0', 'PlainText', '{\"placeholder\":\"\",\"maxLength\":\"\",\"multiline\":\"\",\"initialRows\":\"4\"}', '2016-02-02 05:14:00', '2016-02-02 05:14:00', '5dfdd1b2-aad1-4d32-acab-1a155a709601'),
 ('50', '6', 'Address Line 2', 'addressLine2', 'global', '', '0', 'PlainText', '{\"placeholder\":\"\",\"maxLength\":\"\",\"multiline\":\"\",\"initialRows\":\"4\"}', '2016-02-02 05:14:07', '2016-02-02 05:14:07', '6a008ab9-d1f5-4c95-b3ec-d264c50c39d8'),
 ('51', '6', 'Phone Number', 'phoneNumber', 'global', '', '0', 'PlainText', '{\"placeholder\":\"\",\"maxLength\":\"\",\"multiline\":\"\",\"initialRows\":\"4\"}', '2016-02-02 05:14:22', '2016-02-02 05:14:22', 'bb127815-da27-4a97-9a0d-80bfa3b88a85'),
 ('52', '6', 'Email', 'email', 'global', '', '0', 'PlainText', '{\"placeholder\":\"\",\"maxLength\":\"\",\"multiline\":\"\",\"initialRows\":\"4\"}', '2016-02-02 05:14:35', '2016-02-02 05:14:35', '51b47bc9-8bf9-4eef-9457-2d71c57635ba');



DROP TABLE IF EXISTS `craft_globalsets`;


--
-- Schema for table `craft_globalsets`
--
CREATE TABLE `craft_globalsets` (
  `id` int(11) NOT NULL,
  `name` varchar(255) COLLATE utf8_unicode_ci NOT NULL,
  `handle` varchar(255) COLLATE utf8_unicode_ci NOT NULL,
  `fieldLayoutId` int(10) DEFAULT NULL,
  `dateCreated` datetime NOT NULL,
  `dateUpdated` datetime NOT NULL,
  `uid` char(36) COLLATE utf8_unicode_ci NOT NULL DEFAULT '0',
  PRIMARY KEY (`id`),
  UNIQUE KEY `craft_globalsets_name_unq_idx` (`name`),
  UNIQUE KEY `craft_globalsets_handle_unq_idx` (`handle`),
  KEY `craft_globalsets_fieldLayoutId_fk` (`fieldLayoutId`)
) ENGINE=InnoDB DEFAULT CHARSET=utf8 COLLATE=utf8_unicode_ci;

--
-- Data for table `craft_globalsets`
--

INSERT INTO `craft_globalsets` (`id`, `name`, `handle`, `fieldLayoutId`, `dateCreated`, `dateUpdated`, `uid`) VALUES
 ('84', 'Footer', 'footer', '38', '2016-02-02 01:38:36', '2016-02-02 05:16:36', '66ff74a4-af47-41c5-81e0-baf2a2ad06f6');



DROP TABLE IF EXISTS `craft_info`;


--
-- Schema for table `craft_info`
--
CREATE TABLE `craft_info` (
  `id` int(11) NOT NULL AUTO_INCREMENT,
  `version` varchar(15) COLLATE utf8_unicode_ci NOT NULL,
  `build` int(11) unsigned NOT NULL,
  `schemaVersion` varchar(15) COLLATE utf8_unicode_ci NOT NULL,
  `releaseDate` datetime NOT NULL,
  `edition` tinyint(1) unsigned NOT NULL DEFAULT '0',
  `siteName` varchar(100) COLLATE utf8_unicode_ci NOT NULL,
  `siteUrl` varchar(255) COLLATE utf8_unicode_ci NOT NULL,
  `timezone` varchar(30) COLLATE utf8_unicode_ci DEFAULT NULL,
  `on` tinyint(1) unsigned NOT NULL DEFAULT '0',
  `maintenance` tinyint(1) unsigned NOT NULL DEFAULT '0',
  `track` varchar(40) COLLATE utf8_unicode_ci NOT NULL,
  `dateCreated` datetime NOT NULL,
  `dateUpdated` datetime NOT NULL,
  `uid` char(36) COLLATE utf8_unicode_ci NOT NULL DEFAULT '0',
  PRIMARY KEY (`id`)
) ENGINE=InnoDB AUTO_INCREMENT=2 DEFAULT CHARSET=utf8 COLLATE=utf8_unicode_ci;

--
-- Data for table `craft_info`
--

INSERT INTO `craft_info` (`id`, `version`, `build`, `schemaVersion`, `releaseDate`, `edition`, `siteName`, `siteUrl`, `timezone`, `on`, `maintenance`, `track`, `dateCreated`, `dateUpdated`, `uid`) VALUES
 ('1', '2.5', '2761', '2.5.11', '2016-01-28 19:16:15', '0', 'Paradata.io', 'http://localhost', 'UTC', '1', '0', 'stable', '2016-01-30 05:23:51', '2016-01-30 05:38:59', '8c61da26-ce3f-4df6-8642-83bd330ebca6');



DROP TABLE IF EXISTS `craft_locales`;


--
-- Schema for table `craft_locales`
--
CREATE TABLE `craft_locales` (
  `locale` char(12) COLLATE utf8_unicode_ci NOT NULL,
  `sortOrder` tinyint(4) DEFAULT NULL,
  `dateCreated` datetime NOT NULL,
  `dateUpdated` datetime NOT NULL,
  `uid` char(36) COLLATE utf8_unicode_ci NOT NULL DEFAULT '0',
  PRIMARY KEY (`locale`),
  KEY `craft_locales_sortOrder_idx` (`sortOrder`)
) ENGINE=InnoDB DEFAULT CHARSET=utf8 COLLATE=utf8_unicode_ci;

--
-- Data for table `craft_locales`
--

INSERT INTO `craft_locales` (`locale`, `sortOrder`, `dateCreated`, `dateUpdated`, `uid`) VALUES
 ('en_us', '1', '2016-01-30 05:23:51', '2016-01-30 05:23:51', 'cbaac94a-b783-4ce1-b08c-8f0b38f42d73');



DROP TABLE IF EXISTS `craft_matrixblocks`;


--
-- Schema for table `craft_matrixblocks`
--
CREATE TABLE `craft_matrixblocks` (
  `id` int(11) NOT NULL,
  `ownerId` int(11) NOT NULL,
  `fieldId` int(11) NOT NULL,
  `typeId` int(11) DEFAULT NULL,
  `sortOrder` tinyint(4) DEFAULT NULL,
  `ownerLocale` char(12) COLLATE utf8_unicode_ci DEFAULT NULL,
  `dateCreated` datetime NOT NULL,
  `dateUpdated` datetime NOT NULL,
  `uid` char(36) COLLATE utf8_unicode_ci NOT NULL DEFAULT '0',
  PRIMARY KEY (`id`),
  KEY `craft_matrixblocks_ownerId_idx` (`ownerId`),
  KEY `craft_matrixblocks_fieldId_idx` (`fieldId`),
  KEY `craft_matrixblocks_typeId_idx` (`typeId`),
  KEY `craft_matrixblocks_sortOrder_idx` (`sortOrder`),
  KEY `craft_matrixblocks_ownerLocale_fk` (`ownerLocale`)
) ENGINE=InnoDB DEFAULT CHARSET=utf8 COLLATE=utf8_unicode_ci;

--
-- Data for table `craft_matrixblocks`
--

INSERT INTO `craft_matrixblocks` (`id`, `ownerId`, `fieldId`, `typeId`, `sortOrder`, `ownerLocale`, `dateCreated`, `dateUpdated`, `uid`) VALUES
 ('77', '2', '27', '4', '1', NULL, '2016-02-02 00:14:59', '2016-02-02 01:43:05', '3f3d2030-b3bc-47d7-a20b-2b2ae9e008a0'),
 ('82', '2', '19', '3', '1', NULL, '2016-02-02 00:15:00', '2016-02-02 05:36:27', 'cc032f19-0f6f-45b2-b9ec-0e1fd1af9976'),
 ('85', '2', '9', '8', '1', NULL, '2016-02-02 04:38:07', '2016-02-02 05:36:27', 'fe9cfd32-d729-4ed5-aaf0-57c0ec48551b'),
 ('86', '2', '9', '8', '2', NULL, '2016-02-02 04:38:07', '2016-02-02 05:36:27', '306d5a9b-7ce6-41fe-b8ca-7c626cae4dc4'),
 ('87', '2', '9', '8', '3', NULL, '2016-02-02 04:38:07', '2016-02-02 05:36:27', '63c3478b-23ff-4008-86a3-45a69ab23443');



DROP TABLE IF EXISTS `craft_matrixblocktypes`;


--
-- Schema for table `craft_matrixblocktypes`
--
CREATE TABLE `craft_matrixblocktypes` (
  `id` int(11) NOT NULL AUTO_INCREMENT,
  `fieldId` int(11) NOT NULL,
  `fieldLayoutId` int(11) DEFAULT NULL,
  `name` varchar(255) COLLATE utf8_unicode_ci NOT NULL,
  `handle` varchar(255) COLLATE utf8_unicode_ci NOT NULL,
  `sortOrder` tinyint(4) DEFAULT NULL,
  `dateCreated` datetime NOT NULL,
  `dateUpdated` datetime NOT NULL,
  `uid` char(36) COLLATE utf8_unicode_ci NOT NULL DEFAULT '0',
  PRIMARY KEY (`id`),
  UNIQUE KEY `craft_matrixblocktypes_name_fieldId_unq_idx` (`name`,`fieldId`),
  UNIQUE KEY `craft_matrixblocktypes_handle_fieldId_unq_idx` (`handle`,`fieldId`),
  KEY `craft_matrixblocktypes_fieldId_fk` (`fieldId`),
  KEY `craft_matrixblocktypes_fieldLayoutId_fk` (`fieldLayoutId`)
) ENGINE=InnoDB AUTO_INCREMENT=9 DEFAULT CHARSET=utf8 COLLATE=utf8_unicode_ci;

--
-- Data for table `craft_matrixblocktypes`
--

INSERT INTO `craft_matrixblocktypes` (`id`, `fieldId`, `fieldLayoutId`, `name`, `handle`, `sortOrder`, `dateCreated`, `dateUpdated`, `uid`) VALUES
 ('3', '19', '22', 'Coffee Block', 'coffeeBlock', '1', '2016-02-01 23:41:05', '2016-02-01 23:41:05', 'ffb98450-1d0b-4a56-9b88-fcd3fc6060fb'),
 ('4', '27', '23', 'Tabs', 'tabs', '1', '2016-02-01 23:46:55', '2016-02-01 23:46:56', '1a7d5f7c-52b0-4ea1-87d5-d25140ed8c61'),
 ('8', '9', '37', 'Processes', 'processes', '1', '2016-02-02 04:36:44', '2016-02-02 04:36:44', 'e104500b-3444-460b-9260-815b7b008477');



DROP TABLE IF EXISTS `craft_matrixcontent_navigationtabs`;


--
-- Schema for table `craft_matrixcontent_navigationtabs`
--
CREATE TABLE `craft_matrixcontent_navigationtabs` (
  `id` int(11) NOT NULL AUTO_INCREMENT,
  `elementId` int(11) NOT NULL,
  `locale` char(12) COLLATE utf8_unicode_ci NOT NULL,
  `field_tabs_solutions` text COLLATE utf8_unicode_ci,
  `field_tabs_pricing` text COLLATE utf8_unicode_ci,
  `field_tabs_logIn` text COLLATE utf8_unicode_ci,
  `dateCreated` datetime NOT NULL,
  `dateUpdated` datetime NOT NULL,
  `uid` char(36) COLLATE utf8_unicode_ci NOT NULL DEFAULT '0',
  PRIMARY KEY (`id`),
  UNIQUE KEY `craft_matrixcontent_navigationtabs_elementId_locale_unq_idx` (`elementId`,`locale`),
  KEY `craft_matrixcontent_navigationtabs_locale_fk` (`locale`)
) ENGINE=InnoDB AUTO_INCREMENT=2 DEFAULT CHARSET=utf8 COLLATE=utf8_unicode_ci;

--
-- Data for table `craft_matrixcontent_navigationtabs`
--

INSERT INTO `craft_matrixcontent_navigationtabs` (`id`, `elementId`, `locale`, `field_tabs_solutions`, `field_tabs_pricing`, `field_tabs_logIn`, `dateCreated`, `dateUpdated`, `uid`) VALUES
 ('1', '77', 'en_us', 'Solutions', 'Pricing', 'Log In', '2016-02-02 00:14:59', '2016-02-02 01:43:05', '9aecb2d5-9d87-4745-80b1-b1d299a0aca0');



DROP TABLE IF EXISTS `craft_matrixcontent_promocoffee`;


--
-- Schema for table `craft_matrixcontent_promocoffee`
--
CREATE TABLE `craft_matrixcontent_promocoffee` (
  `id` int(11) NOT NULL AUTO_INCREMENT,
  `elementId` int(11) NOT NULL,
  `locale` char(12) COLLATE utf8_unicode_ci NOT NULL,
  `field_coffeeBlock_header` text COLLATE utf8_unicode_ci,
  `field_coffeeBlock_offer` text COLLATE utf8_unicode_ci,
  `field_coffeeBlock_offerDescription` text COLLATE utf8_unicode_ci,
  `field_coffeeBlock_demoLabelText` text COLLATE utf8_unicode_ci,
  `dateCreated` datetime NOT NULL,
  `dateUpdated` datetime NOT NULL,
  `uid` char(36) COLLATE utf8_unicode_ci NOT NULL DEFAULT '0',
  PRIMARY KEY (`id`),
  UNIQUE KEY `craft_matrixcontent_promocoffee_elementId_locale_unq_idx` (`elementId`,`locale`),
  KEY `craft_matrixcontent_promocoffee_locale_fk` (`locale`)
) ENGINE=InnoDB AUTO_INCREMENT=2 DEFAULT CHARSET=utf8 COLLATE=utf8_unicode_ci;

--
-- Data for table `craft_matrixcontent_promocoffee`
--

INSERT INTO `craft_matrixcontent_promocoffee` (`id`, `elementId`, `locale`, `field_coffeeBlock_header`, `field_coffeeBlock_offer`, `field_coffeeBlock_offerDescription`, `field_coffeeBlock_demoLabelText`, `dateCreated`, `dateUpdated`, `uid`) VALUES
 ('1', '82', 'en_us', 'SCHEDULE A DEMO', 'GET A COMPLIMENTARY GOURMET COFFEE GIFT CARD', 'Supply chain discovery and transparency for less than the cost of two lattes per month. The first', 'SCHEDULE A DEMO', '2016-02-02 00:15:00', '2016-02-02 05:36:27', '1a6f4900-5423-4537-b64b-3b99d0a20b82');



DROP TABLE IF EXISTS `craft_matrixcontent_threestepprocess`;


--
-- Schema for table `craft_matrixcontent_threestepprocess`
--
CREATE TABLE `craft_matrixcontent_threestepprocess` (
  `id` int(11) NOT NULL AUTO_INCREMENT,
  `elementId` int(11) NOT NULL,
  `locale` char(12) COLLATE utf8_unicode_ci NOT NULL,
  `field_processes_numberBubble` text COLLATE utf8_unicode_ci,
  `field_processes_processDescription` text COLLATE utf8_unicode_ci,
  `field_processes_linkText` text COLLATE utf8_unicode_ci,
  `dateCreated` datetime NOT NULL,
  `dateUpdated` datetime NOT NULL,
  `uid` char(36) COLLATE utf8_unicode_ci NOT NULL DEFAULT '0',
  PRIMARY KEY (`id`),
  UNIQUE KEY `craft_matrixcontent_threestepprocess_elementId_locale_unq_idx` (`elementId`,`locale`),
  KEY `craft_matrixcontent_threestepprocess_locale_fk` (`locale`)
) ENGINE=InnoDB AUTO_INCREMENT=7 DEFAULT CHARSET=utf8 COLLATE=utf8_unicode_ci;

--
-- Data for table `craft_matrixcontent_threestepprocess`
--

INSERT INTO `craft_matrixcontent_threestepprocess` (`id`, `elementId`, `locale`, `field_processes_numberBubble`, `field_processes_processDescription`, `field_processes_linkText`, `dateCreated`, `dateUpdated`, `uid`) VALUES
 ('4', '85', 'en_us', '1', 'Quickly analyze each bill of materials to improve operating profit, reduce supply risk, and adjust to demand variability.', 'Learn more', '2016-02-02 04:38:07', '2016-02-02 05:36:27', '69e8a17b-0437-40a6-bf8c-0e9cee1bd43c'),
 ('5', '86', 'en_us', '2', 'Assesses existing prices compared to best public prices, delivering lower material costs.', 'Learn more', '2016-02-02 04:38:07', '2016-02-02 05:36:27', '641ee0cb-9d6a-4baa-979d-b8aecc1b0941'),
 ('6', '87', 'en_us', '3', 'Provides component and supplier catalogs along with authenticated dataset tools to improve analysis and optimize business processes.', 'Learn more', '2016-02-02 04:38:07', '2016-02-02 05:36:27', 'e0d2ba3d-9c02-450f-884a-640e315d77a0');



DROP TABLE IF EXISTS `craft_migrations`;


--
-- Schema for table `craft_migrations`
--
CREATE TABLE `craft_migrations` (
  `id` int(11) NOT NULL AUTO_INCREMENT,
  `pluginId` int(11) DEFAULT NULL,
  `version` varchar(255) COLLATE utf8_unicode_ci NOT NULL,
  `applyTime` datetime NOT NULL,
  `dateCreated` datetime NOT NULL,
  `dateUpdated` datetime NOT NULL,
  `uid` char(36) COLLATE utf8_unicode_ci NOT NULL DEFAULT '0',
  PRIMARY KEY (`id`),
  UNIQUE KEY `craft_migrations_version_unq_idx` (`version`),
  KEY `craft_migrations_pluginId_fk` (`pluginId`)
) ENGINE=InnoDB AUTO_INCREMENT=27 DEFAULT CHARSET=utf8 COLLATE=utf8_unicode_ci;

--
-- Data for table `craft_migrations`
--

INSERT INTO `craft_migrations` (`id`, `pluginId`, `version`, `applyTime`, `dateCreated`, `dateUpdated`, `uid`) VALUES
 ('1', NULL, 'm000000_000000_base', '2016-01-30 05:23:51', '2016-01-30 05:23:51', '2016-01-30 05:23:51', '7dd1ccb7-41d0-45fb-a664-7272737bc3ae'),
 ('2', NULL, 'm140730_000001_add_filename_and_format_to_transformindex', '2016-01-30 05:23:51', '2016-01-30 05:23:51', '2016-01-30 05:23:51', '7d92b06c-3a2c-439c-9e0e-271765f49bf4'),
 ('3', NULL, 'm140815_000001_add_format_to_transforms', '2016-01-30 05:23:51', '2016-01-30 05:23:51', '2016-01-30 05:23:51', '6adb15e6-02a7-44ef-8183-547256f8fc04'),
 ('4', NULL, 'm140822_000001_allow_more_than_128_items_per_field', '2016-01-30 05:23:51', '2016-01-30 05:23:51', '2016-01-30 05:23:51', 'c4c884a7-765d-4583-8aca-bbccf6b3f494'),
 ('5', NULL, 'm140829_000001_single_title_formats', '2016-01-30 05:23:51', '2016-01-30 05:23:51', '2016-01-30 05:23:51', '5a07f083-4a5f-4306-85e1-13a85134e91c'),
 ('6', NULL, 'm140831_000001_extended_cache_keys', '2016-01-30 05:23:51', '2016-01-30 05:23:51', '2016-01-30 05:23:51', '948b9dff-c2ef-497a-a7cf-9a5927d50df5'),
 ('7', NULL, 'm140922_000001_delete_orphaned_matrix_blocks', '2016-01-30 05:23:51', '2016-01-30 05:23:51', '2016-01-30 05:23:51', '18275e38-6740-4803-8236-c640e050b9f2'),
 ('8', NULL, 'm141008_000001_elements_index_tune', '2016-01-30 05:23:51', '2016-01-30 05:23:51', '2016-01-30 05:23:51', '4dd5fa32-7ea2-4fa3-8150-f14374a32bf9'),
 ('9', NULL, 'm141009_000001_assets_source_handle', '2016-01-30 05:23:51', '2016-01-30 05:23:51', '2016-01-30 05:23:51', '11583ae0-8e84-482a-a888-96d0f6eafbfd'),
 ('10', NULL, 'm141024_000001_field_layout_tabs', '2016-01-30 05:23:51', '2016-01-30 05:23:51', '2016-01-30 05:23:51', '01b9c707-3bec-440f-8b65-d3b7e9feeec6'),
 ('11', NULL, 'm141030_000000_plugin_schema_versions', '2016-01-30 05:23:51', '2016-01-30 05:23:51', '2016-01-30 05:23:51', 'c1b289dc-f6a4-4356-9545-83da9168d6be'),
 ('12', NULL, 'm141030_000001_drop_structure_move_permission', '2016-01-30 05:23:51', '2016-01-30 05:23:51', '2016-01-30 05:23:51', '0a22d4f7-4450-4c1a-9cb7-97434f676ab1'),
 ('13', NULL, 'm141103_000001_tag_titles', '2016-01-30 05:23:51', '2016-01-30 05:23:51', '2016-01-30 05:23:51', 'b2909760-0e92-4b76-b1d3-71502d2f5e7b'),
 ('14', NULL, 'm141109_000001_user_status_shuffle', '2016-01-30 05:23:51', '2016-01-30 05:23:51', '2016-01-30 05:23:51', '5f7ee11f-d3a1-4918-bf6a-2964c6338335'),
 ('15', NULL, 'm141126_000001_user_week_start_day', '2016-01-30 05:23:51', '2016-01-30 05:23:51', '2016-01-30 05:23:51', 'bdea41f7-9484-4c2d-8e40-0e3d8a65119c'),
 ('16', NULL, 'm150210_000001_adjust_user_photo_size', '2016-01-30 05:23:51', '2016-01-30 05:23:51', '2016-01-30 05:23:51', 'e2c71930-506c-49b7-a98d-6969801ac6aa'),
 ('17', NULL, 'm150724_000001_adjust_quality_settings', '2016-01-30 05:23:51', '2016-01-30 05:23:51', '2016-01-30 05:23:51', '7e4066a9-f25b-43cb-a0b2-e29f49020142'),
 ('18', NULL, 'm150827_000000_element_index_settings', '2016-01-30 05:23:51', '2016-01-30 05:23:51', '2016-01-30 05:23:51', 'a4707714-fe93-4478-aee9-335a2976e086'),
 ('19', NULL, 'm150918_000001_add_colspan_to_widgets', '2016-01-30 05:23:51', '2016-01-30 05:23:51', '2016-01-30 05:23:51', 'e619ac61-f482-46c7-8c02-77ef8eb47f41'),
 ('20', NULL, 'm151007_000000_clear_asset_caches', '2016-01-30 05:23:51', '2016-01-30 05:23:51', '2016-01-30 05:23:51', 'a630f4c3-72ee-42b2-bb3a-51cab1b1114e'),
 ('21', NULL, 'm151109_000000_text_url_formats', '2016-01-30 05:23:51', '2016-01-30 05:23:51', '2016-01-30 05:23:51', 'a43a94c1-de35-4f32-b1a8-ef80cb02572c'),
 ('22', NULL, 'm151110_000000_move_logo', '2016-01-30 05:23:51', '2016-01-30 05:23:51', '2016-01-30 05:23:51', '0331cfe5-1f0e-42fb-81f0-3f5f984187b9'),
 ('23', NULL, 'm151117_000000_adjust_image_widthheight', '2016-01-30 05:23:51', '2016-01-30 05:23:51', '2016-01-30 05:23:51', 'b1ffb27a-7672-4453-858e-6c35e3ad20dc'),
 ('24', NULL, 'm151127_000000_clear_license_key_status', '2016-01-30 05:23:51', '2016-01-30 05:23:51', '2016-01-30 05:23:51', '2db564f2-290e-437a-9182-b7fd90f2b84d'),
 ('25', NULL, 'm151127_000000_plugin_license_keys', '2016-01-30 05:23:51', '2016-01-30 05:23:51', '2016-01-30 05:23:51', '4e078f14-9001-46b2-a65f-0f3ec700ae98'),
 ('26', NULL, 'm151130_000000_update_pt_widget_feeds', '2016-01-30 05:23:51', '2016-01-30 05:23:51', '2016-01-30 05:23:51', '5a732f56-c0de-4e5b-8aab-095d1e7d91c9');



DROP TABLE IF EXISTS `craft_plugins`;


--
-- Schema for table `craft_plugins`
--
CREATE TABLE `craft_plugins` (
  `id` int(11) NOT NULL AUTO_INCREMENT,
  `class` varchar(150) COLLATE utf8_unicode_ci NOT NULL,
  `version` varchar(15) COLLATE utf8_unicode_ci NOT NULL,
  `schemaVersion` varchar(15) COLLATE utf8_unicode_ci DEFAULT NULL,
  `licenseKey` char(24) COLLATE utf8_unicode_ci DEFAULT NULL,
  `licenseKeyStatus` enum('valid','invalid','mismatched','unknown') COLLATE utf8_unicode_ci NOT NULL DEFAULT 'unknown',
  `enabled` tinyint(1) unsigned NOT NULL DEFAULT '0',
  `settings` text COLLATE utf8_unicode_ci,
  `installDate` datetime NOT NULL,
  `dateCreated` datetime NOT NULL,
  `dateUpdated` datetime NOT NULL,
  `uid` char(36) COLLATE utf8_unicode_ci NOT NULL DEFAULT '0',
  PRIMARY KEY (`id`)
) ENGINE=InnoDB DEFAULT CHARSET=utf8 COLLATE=utf8_unicode_ci;

DROP TABLE IF EXISTS `craft_rackspaceaccess`;


--
-- Schema for table `craft_rackspaceaccess`
--
CREATE TABLE `craft_rackspaceaccess` (
  `id` int(11) NOT NULL AUTO_INCREMENT,
  `connectionKey` varchar(255) COLLATE utf8_unicode_ci NOT NULL,
  `token` varchar(255) COLLATE utf8_unicode_ci NOT NULL,
  `storageUrl` varchar(255) COLLATE utf8_unicode_ci NOT NULL,
  `cdnUrl` varchar(255) COLLATE utf8_unicode_ci NOT NULL,
  `dateCreated` datetime NOT NULL,
  `dateUpdated` datetime NOT NULL,
  `uid` char(36) COLLATE utf8_unicode_ci NOT NULL DEFAULT '0',
  PRIMARY KEY (`id`),
  UNIQUE KEY `craft_rackspaceaccess_connectionKey_unq_idx` (`connectionKey`)
) ENGINE=InnoDB DEFAULT CHARSET=utf8 COLLATE=utf8_unicode_ci;

DROP TABLE IF EXISTS `craft_relations`;


--
-- Schema for table `craft_relations`
--
CREATE TABLE `craft_relations` (
  `id` int(11) NOT NULL AUTO_INCREMENT,
  `fieldId` int(11) NOT NULL,
  `sourceId` int(11) NOT NULL,
  `sourceLocale` char(12) COLLATE utf8_unicode_ci DEFAULT NULL,
  `targetId` int(11) NOT NULL,
  `sortOrder` smallint(6) DEFAULT NULL,
  `dateCreated` datetime NOT NULL,
  `dateUpdated` datetime NOT NULL,
  `uid` char(36) COLLATE utf8_unicode_ci NOT NULL DEFAULT '0',
  PRIMARY KEY (`id`),
  UNIQUE KEY `craft_relations_fieldId_sourceId_sourceLocale_targetId_unq_idx` (`fieldId`,`sourceId`,`sourceLocale`,`targetId`),
  KEY `craft_relations_sourceId_fk` (`sourceId`),
  KEY `craft_relations_sourceLocale_fk` (`sourceLocale`),
  KEY `craft_relations_targetId_fk` (`targetId`)
) ENGINE=InnoDB AUTO_INCREMENT=37 DEFAULT CHARSET=utf8 COLLATE=utf8_unicode_ci;

--
-- Data for table `craft_relations`
--

INSERT INTO `craft_relations` (`id`, `fieldId`, `sourceId`, `sourceLocale`, `targetId`, `sortOrder`, `dateCreated`, `dateUpdated`, `uid`) VALUES
 ('11', '25', '2', NULL, '35', '1', '2016-02-02 01:43:05', '2016-02-02 01:43:05', '35bb2ca4-0ff9-4bcf-8fd6-a0bf9975e7f9'),
 ('32', '33', '84', NULL, '50', '1', '2016-02-02 05:36:03', '2016-02-02 05:36:03', 'fcbda101-b7a5-4d97-83c7-2bf6eaa698ad'),
 ('33', '33', '84', NULL, '61', '2', '2016-02-02 05:36:03', '2016-02-02 05:36:03', '13bfad89-f806-4e3e-999b-515aabb8344d'),
 ('34', '33', '84', NULL, '52', '3', '2016-02-02 05:36:03', '2016-02-02 05:36:03', 'f83ad521-0079-462d-9328-c1186c73da01'),
 ('35', '8', '2', NULL, '37', '1', '2016-02-02 05:36:27', '2016-02-02 05:36:27', 'a23ab62d-896a-4ada-8c3b-59f57d1697cd'),
 ('36', '37', '2', NULL, '74', '1', '2016-02-02 05:36:27', '2016-02-02 05:36:27', 'ed025e29-68c3-47a5-8525-bdc15c7a9938');



DROP TABLE IF EXISTS `craft_routes`;


--
-- Schema for table `craft_routes`
--
CREATE TABLE `craft_routes` (
  `id` int(11) NOT NULL AUTO_INCREMENT,
  `locale` char(12) COLLATE utf8_unicode_ci DEFAULT NULL,
  `urlParts` varchar(255) COLLATE utf8_unicode_ci NOT NULL,
  `urlPattern` varchar(255) COLLATE utf8_unicode_ci NOT NULL,
  `template` varchar(255) COLLATE utf8_unicode_ci NOT NULL,
  `sortOrder` tinyint(4) DEFAULT NULL,
  `dateCreated` datetime NOT NULL,
  `dateUpdated` datetime NOT NULL,
  `uid` char(36) COLLATE utf8_unicode_ci NOT NULL DEFAULT '0',
  PRIMARY KEY (`id`),
  UNIQUE KEY `craft_routes_urlPattern_unq_idx` (`urlPattern`),
  KEY `craft_routes_locale_idx` (`locale`)
) ENGINE=InnoDB DEFAULT CHARSET=utf8 COLLATE=utf8_unicode_ci;

DROP TABLE IF EXISTS `craft_searchindex`;


--
-- Schema for table `craft_searchindex`
--
CREATE TABLE `craft_searchindex` (
  `elementId` int(11) NOT NULL,
  `attribute` varchar(25) COLLATE utf8_unicode_ci NOT NULL,
  `fieldId` int(11) NOT NULL,
  `locale` char(12) COLLATE utf8_unicode_ci NOT NULL,
  `keywords` text COLLATE utf8_unicode_ci NOT NULL,
  PRIMARY KEY (`elementId`,`attribute`,`fieldId`,`locale`),
  FULLTEXT KEY `craft_searchindex_keywords_idx` (`keywords`)
) ENGINE=MyISAM DEFAULT CHARSET=utf8 COLLATE=utf8_unicode_ci;

--
-- Data for table `craft_searchindex`
--

INSERT INTO `craft_searchindex` (`elementId`, `attribute`, `fieldId`, `locale`, `keywords`) VALUES
 ('1', 'username', '0', 'en_us', ' dustin christopher chan '),
 ('1', 'firstname', '0', 'en_us', ''),
 ('1', 'lastname', '0', 'en_us', ''),
 ('1', 'fullname', '0', 'en_us', ''),
 ('1', 'email', '0', 'en_us', ' dustin christopher chan gmail com '),
 ('1', 'slug', '0', 'en_us', ''),
 ('2', 'slug', '0', 'en_us', ' homepage '),
 ('2', 'title', '0', 'en_us', ' homepage '),
 ('2', 'field', '1', 'en_us', ' paradata provides a state of the art enterprise saas solution for organizing unstructured and structured data as well as integrating public data private data and dark data so businesses can increase operating profits our solution is comprised of a suite of unique applications that provide deep predictive and optimization algorithms a powerful platform with data centered integrated infrastructure and a suite of common services to organize and harmonize datasets '),
 ('53', 'slug', '0', 'en_us', ''),
 ('53', 'title', '0', 'en_us', ' social icon facebook '),
 ('53', 'kind', '0', 'en_us', ' image '),
 ('53', 'extension', '0', 'en_us', ' png '),
 ('53', 'filename', '0', 'en_us', ' social_icon_facebook png '),
 ('52', 'slug', '0', 'en_us', ''),
 ('52', 'title', '0', 'en_us', ' linkedin '),
 ('52', 'kind', '0', 'en_us', ' image '),
 ('52', 'extension', '0', 'en_us', ' png '),
 ('51', 'title', '0', 'en_us', ' google plus '),
 ('52', 'filename', '0', 'en_us', ' linkedin png '),
 ('2', 'field', '2', 'en_us', ''),
 ('77', 'field', '28', 'en_us', ' solutions '),
 ('51', 'kind', '0', 'en_us', ' image '),
 ('51', 'slug', '0', 'en_us', ''),
 ('51', 'extension', '0', 'en_us', ' jpg '),
 ('51', 'filename', '0', 'en_us', ' google_plus jpg '),
 ('50', 'slug', '0', 'en_us', ''),
 ('50', 'title', '0', 'en_us', ' facebook '),
 ('50', 'kind', '0', 'en_us', ' image '),
 ('50', 'extension', '0', 'en_us', ' png '),
 ('50', 'filename', '0', 'en_us', ' facebook png '),
 ('49', 'title', '0', 'en_us', ' price guardian '),
 ('49', 'slug', '0', 'en_us', ''),
 ('49', 'kind', '0', 'en_us', ' image '),
 ('49', 'extension', '0', 'en_us', ' png '),
 ('49', 'filename', '0', 'en_us', ' price guardian png '),
 ('48', 'title', '0', 'en_us', ' price guardian '),
 ('48', 'kind', '0', 'en_us', ' image '),
 ('48', 'slug', '0', 'en_us', ''),
 ('48', 'extension', '0', 'en_us', ' jpg '),
 ('48', 'filename', '0', 'en_us', ' price guardian jpg '),
 ('47', 'title', '0', 'en_us', ' market charts solution complexity '),
 ('47', 'slug', '0', 'en_us', ''),
 ('47', 'kind', '0', 'en_us', ' image '),
 ('47', 'extension', '0', 'en_us', ' png '),
 ('47', 'filename', '0', 'en_us', ' market_charts_solution_complexity png '),
 ('46', 'title', '0', 'en_us', ' market charts network effect '),
 ('46', 'slug', '0', 'en_us', ''),
 ('46', 'extension', '0', 'en_us', ' png '),
 ('46', 'kind', '0', 'en_us', ' image '),
 ('46', 'filename', '0', 'en_us', ' market_charts_network_effect png '),
 ('45', 'slug', '0', 'en_us', ''),
 ('45', 'title', '0', 'en_us', ' catalog optimizer '),
 ('45', 'kind', '0', 'en_us', ' image '),
 ('45', 'extension', '0', 'en_us', ' png '),
 ('45', 'filename', '0', 'en_us', ' catalog optimizer png '),
 ('44', 'title', '0', 'en_us', ' catalog optimizer '),
 ('44', 'slug', '0', 'en_us', ''),
 ('44', 'kind', '0', 'en_us', ' image '),
 ('44', 'extension', '0', 'en_us', ' jpg '),
 ('44', 'filename', '0', 'en_us', ' catalog optimizer jpg '),
 ('43', 'title', '0', 'en_us', ' bom advantage '),
 ('43', 'kind', '0', 'en_us', ' image '),
 ('43', 'slug', '0', 'en_us', ''),
 ('43', 'extension', '0', 'en_us', ' png '),
 ('43', 'filename', '0', 'en_us', ' bom advantage png '),
 ('42', 'title', '0', 'en_us', ' bom advantage '),
 ('42', 'slug', '0', 'en_us', ''),
 ('42', 'kind', '0', 'en_us', ' image '),
 ('42', 'extension', '0', 'en_us', ' jpg '),
 ('42', 'filename', '0', 'en_us', ' bom advantage jpg '),
 ('41', 'title', '0', 'en_us', ' app preview price guardian '),
 ('41', 'slug', '0', 'en_us', ''),
 ('41', 'kind', '0', 'en_us', ' image '),
 ('41', 'extension', '0', 'en_us', ' png '),
 ('41', 'filename', '0', 'en_us', ' app_preview_price_guardian png '),
 ('40', 'slug', '0', 'en_us', ''),
 ('40', 'title', '0', 'en_us', ' app preview catalog optimizer '),
 ('40', 'kind', '0', 'en_us', ' image '),
 ('40', 'extension', '0', 'en_us', ' png '),
 ('40', 'filename', '0', 'en_us', ' app_preview_catalog_optimizer png '),
 ('39', 'title', '0', 'en_us', ' app preview bom advantage '),
 ('39', 'kind', '0', 'en_us', ' image '),
 ('39', 'slug', '0', 'en_us', ''),
 ('39', 'extension', '0', 'en_us', ' png '),
 ('39', 'filename', '0', 'en_us', ' app_preview_bom_advantage png '),
 ('38', 'title', '0', 'en_us', ' texture tile bg '),
 ('38', 'slug', '0', 'en_us', ''),
 ('38', 'kind', '0', 'en_us', ' image '),
 ('38', 'extension', '0', 'en_us', ' png '),
 ('38', 'filename', '0', 'en_us', ' texture_tile bg png '),
 ('37', 'title', '0', 'en_us', ' background homepage 1 '),
 ('37', 'kind', '0', 'en_us', ' image '),
 ('37', 'slug', '0', 'en_us', ''),
 ('37', 'extension', '0', 'en_us', ' jpg '),
 ('37', 'filename', '0', 'en_us', ' background homepage 1 jpg '),
 ('36', 'title', '0', 'en_us', ' paradata solutions hd '),
 ('36', 'slug', '0', 'en_us', ''),
 ('36', 'kind', '0', 'en_us', ' video '),
 ('36', 'extension', '0', 'en_us', ' mp4 ');
INSERT INTO `craft_searchindex` (`elementId`, `attribute`, `fieldId`, `locale`, `keywords`) VALUES
 ('36', 'filename', '0', 'en_us', ' paradata_solutions hd mp4 '),
 ('35', 'title', '0', 'en_us', ' paradata logo '),
 ('35', 'slug', '0', 'en_us', ''),
 ('35', 'kind', '0', 'en_us', ' image '),
 ('35', 'extension', '0', 'en_us', ' png '),
 ('35', 'filename', '0', 'en_us', ' paradata logo png '),
 ('34', 'title', '0', 'en_us', ' paradata logo alt '),
 ('34', 'kind', '0', 'en_us', ' image '),
 ('34', 'slug', '0', 'en_us', ''),
 ('34', 'extension', '0', 'en_us', ' png '),
 ('34', 'filename', '0', 'en_us', ' paradata logo alt png '),
 ('54', 'filename', '0', 'en_us', ' social_icon_google_plus png '),
 ('54', 'extension', '0', 'en_us', ' png '),
 ('54', 'kind', '0', 'en_us', ' image '),
 ('54', 'slug', '0', 'en_us', ''),
 ('54', 'title', '0', 'en_us', ' social icon google plus '),
 ('55', 'filename', '0', 'en_us', ' social_icon_linkedin png '),
 ('55', 'extension', '0', 'en_us', ' png '),
 ('55', 'kind', '0', 'en_us', ' image '),
 ('55', 'slug', '0', 'en_us', ''),
 ('55', 'title', '0', 'en_us', ' social icon linkedin '),
 ('56', 'filename', '0', 'en_us', ' social_icon_twitter png '),
 ('56', 'extension', '0', 'en_us', ' png '),
 ('56', 'kind', '0', 'en_us', ' image '),
 ('56', 'slug', '0', 'en_us', ''),
 ('56', 'title', '0', 'en_us', ' social icon twitter '),
 ('74', 'kind', '0', 'en_us', ' image '),
 ('74', 'slug', '0', 'en_us', ' icon networkscore '),
 ('74', 'title', '0', 'en_us', ' icon networkscore '),
 ('73', 'filename', '0', 'en_us', ' icon_leadtime png '),
 ('73', 'extension', '0', 'en_us', ' png '),
 ('73', 'kind', '0', 'en_us', ' image '),
 ('73', 'slug', '0', 'en_us', ' icon leadtime '),
 ('72', 'filename', '0', 'en_us', ' icon_cost png '),
 ('73', 'title', '0', 'en_us', ' icon leadtime '),
 ('72', 'extension', '0', 'en_us', ' png '),
 ('72', 'kind', '0', 'en_us', ' image '),
 ('72', 'slug', '0', 'en_us', ' icon cost '),
 ('72', 'title', '0', 'en_us', ' icon cost '),
 ('61', 'filename', '0', 'en_us', ' twitter png '),
 ('61', 'extension', '0', 'en_us', ' png '),
 ('61', 'kind', '0', 'en_us', ' image '),
 ('61', 'slug', '0', 'en_us', ''),
 ('61', 'title', '0', 'en_us', ' twitter '),
 ('62', 'filename', '0', 'en_us', ' zoom 49209142 3 jpg '),
 ('62', 'extension', '0', 'en_us', ' jpg '),
 ('62', 'kind', '0', 'en_us', ' image '),
 ('62', 'slug', '0', 'en_us', ''),
 ('62', 'title', '0', 'en_us', ' zoom 49209142 3 '),
 ('63', 'filename', '0', 'en_us', ' zoom 59077574 3 jpg '),
 ('63', 'extension', '0', 'en_us', ' jpg '),
 ('63', 'kind', '0', 'en_us', ' image '),
 ('63', 'slug', '0', 'en_us', ''),
 ('63', 'title', '0', 'en_us', ' zoom 59077574 3 '),
 ('74', 'extension', '0', 'en_us', ' png '),
 ('74', 'filename', '0', 'en_us', ' icon_networkscore png '),
 ('75', 'slug', '0', 'en_us', ' icon risk '),
 ('75', 'title', '0', 'en_us', ' icon risk '),
 ('75', 'kind', '0', 'en_us', ' image '),
 ('75', 'filename', '0', 'en_us', ' icon_risk png '),
 ('76', 'kind', '0', 'en_us', ' image '),
 ('76', 'slug', '0', 'en_us', ' coffee cups '),
 ('76', 'extension', '0', 'en_us', ' png '),
 ('76', 'filename', '0', 'en_us', ' coffee_cups png '),
 ('2', 'field', '6', 'en_us', ' paradata 200 north almaden blvd suite 250 san jose california 95110 408 791 2070 info paradata io '),
 ('2', 'field', '7', 'en_us', ' facebook twitter linkedin '),
 ('2', 'field', '19', 'en_us', ' schedule a demo schedule a demo get a complimentary gourmet coffee gift card supply chain discovery and transparency for less than the cost of two lattes per month the first '),
 ('2', 'field', '25', 'en_us', ' paradata logo '),
 ('2', 'field', '8', 'en_us', ' background homepage 1 '),
 ('2', 'field', '18', 'en_us', ' transparency meets supply chain '),
 ('2', 'field', '5', 'en_us', ' what s your score the paradata network score measures a supply chain in four dimensions leadtime cost compliance and risk the network score℠ if your product could say what it needs to be healthy what would it say '),
 ('2', 'field', '27', 'en_us', ' log in pricing solutions '),
 ('71', 'filename', '0', 'en_us', ' icon_compliance png '),
 ('71', 'extension', '0', 'en_us', ' png '),
 ('71', 'kind', '0', 'en_us', ' image '),
 ('71', 'slug', '0', 'en_us', ' icon compliance '),
 ('71', 'title', '0', 'en_us', ' icon compliance '),
 ('75', 'extension', '0', 'en_us', ' png '),
 ('76', 'title', '0', 'en_us', ' coffee cups '),
 ('2', 'field', '9', 'en_us', ' learn more 1 quickly analyze each bill of materials to improve operating profit reduce supply risk and adjust to demand variability learn more 2 assesses existing prices compared to best public prices delivering lower material costs learn more 3 provides component and supplier catalogs along with authenticated dataset tools to improve analysis and optimize business processes '),
 ('77', 'field', '29', 'en_us', ' pricing '),
 ('77', 'field', '30', 'en_us', ' log in '),
 ('77', 'slug', '0', 'en_us', ''),
 ('2', 'field', '40', 'en_us', ' the paradata network score measures a supply chain in four dimensions leadtime cost compliance and risk '),
 ('2', 'field', '38', 'en_us', ' the network score℠ '),
 ('2', 'field', '39', 'en_us', ' if your product could say what it needs to be healthy what would it say '),
 ('2', 'field', '37', 'en_us', ' icon networkscore '),
 ('86', 'field', '47', 'en_us', ' learn more '),
 ('86', 'field', '46', 'en_us', ' assesses existing prices compared to best public prices delivering lower material costs '),
 ('86', 'field', '45', 'en_us', ' 2 '),
 ('85', 'slug', '0', 'en_us', ''),
 ('85', 'field', '47', 'en_us', ' learn more '),
 ('85', 'field', '45', 'en_us', ' 1 '),
 ('85', 'field', '46', 'en_us', ' quickly analyze each bill of materials to improve operating profit reduce supply risk and adjust to demand variability '),
 ('82', 'field', '20', 'en_us', ' schedule a demo '),
 ('82', 'field', '21', 'en_us', ' get a complimentary gourmet coffee gift card '),
 ('82', 'field', '22', 'en_us', ' supply chain discovery and transparency for less than the cost of two lattes per month the first '),
 ('82', 'field', '23', 'en_us', ' schedule a demo '),
 ('82', 'field', '24', 'en_us', ''),
 ('82', 'slug', '0', 'en_us', '');
INSERT INTO `craft_searchindex` (`elementId`, `attribute`, `fieldId`, `locale`, `keywords`) VALUES
 ('83', 'slug', '0', 'en_us', ' solutions '),
 ('83', 'title', '0', 'en_us', ' solutions '),
 ('84', 'slug', '0', 'en_us', ''),
 ('84', 'field', '33', 'en_us', ' facebook twitter linkedin '),
 ('84', 'field', '34', 'en_us', ''),
 ('2', 'field', '41', 'en_us', ' what s your score '),
 ('86', 'slug', '0', 'en_us', ''),
 ('87', 'field', '45', 'en_us', ' 3 '),
 ('87', 'field', '46', 'en_us', ' provides component and supplier catalogs along with authenticated dataset tools to improve analysis and optimize business processes '),
 ('87', 'field', '47', 'en_us', ' learn more '),
 ('87', 'slug', '0', 'en_us', ''),
 ('84', 'field', '48', 'en_us', ' paradata '),
 ('84', 'field', '49', 'en_us', ' 200 north almaden blvd 250 '),
 ('84', 'field', '50', 'en_us', ' san jose ca 95110 '),
 ('84', 'field', '51', 'en_us', ' 408 791 2070 '),
 ('84', 'field', '52', 'en_us', ' info paradata io '),
 ('84', 'field', '35', 'en_us', ' 2016 all rights reserved privacy policy ');



DROP TABLE IF EXISTS `craft_sections`;


--
-- Schema for table `craft_sections`
--
CREATE TABLE `craft_sections` (
  `id` int(11) NOT NULL AUTO_INCREMENT,
  `structureId` int(11) DEFAULT NULL,
  `name` varchar(255) COLLATE utf8_unicode_ci NOT NULL,
  `handle` varchar(255) COLLATE utf8_unicode_ci NOT NULL,
  `type` enum('single','channel','structure') COLLATE utf8_unicode_ci NOT NULL DEFAULT 'channel',
  `hasUrls` tinyint(1) unsigned NOT NULL DEFAULT '1',
  `template` varchar(500) COLLATE utf8_unicode_ci DEFAULT NULL,
  `enableVersioning` tinyint(1) unsigned NOT NULL DEFAULT '0',
  `dateCreated` datetime NOT NULL,
  `dateUpdated` datetime NOT NULL,
  `uid` char(36) COLLATE utf8_unicode_ci NOT NULL DEFAULT '0',
  PRIMARY KEY (`id`),
  UNIQUE KEY `craft_sections_name_unq_idx` (`name`),
  UNIQUE KEY `craft_sections_handle_unq_idx` (`handle`),
  KEY `craft_sections_structureId_fk` (`structureId`)
) ENGINE=InnoDB AUTO_INCREMENT=3 DEFAULT CHARSET=utf8 COLLATE=utf8_unicode_ci;

--
-- Data for table `craft_sections`
--

INSERT INTO `craft_sections` (`id`, `structureId`, `name`, `handle`, `type`, `hasUrls`, `template`, `enableVersioning`, `dateCreated`, `dateUpdated`, `uid`) VALUES
 ('1', NULL, 'Homepage', 'homepage', 'single', '1', 'index', '1', '2016-01-30 05:23:57', '2016-02-02 00:09:09', '3e24cc0a-89bb-4b35-a24e-f2d8e86debe2'),
 ('2', NULL, 'Solutions', 'solutions', 'single', '1', 'solutions', '1', '2016-02-02 00:20:30', '2016-02-02 01:43:47', 'fb8b4924-e83d-4414-8436-60d9a7fda7c1');



DROP TABLE IF EXISTS `craft_sections_i18n`;


--
-- Schema for table `craft_sections_i18n`
--
CREATE TABLE `craft_sections_i18n` (
  `id` int(11) NOT NULL AUTO_INCREMENT,
  `sectionId` int(11) NOT NULL,
  `locale` char(12) COLLATE utf8_unicode_ci NOT NULL,
  `enabledByDefault` tinyint(1) unsigned NOT NULL DEFAULT '1',
  `urlFormat` text COLLATE utf8_unicode_ci,
  `nestedUrlFormat` text COLLATE utf8_unicode_ci,
  `dateCreated` datetime NOT NULL,
  `dateUpdated` datetime NOT NULL,
  `uid` char(36) COLLATE utf8_unicode_ci NOT NULL DEFAULT '0',
  PRIMARY KEY (`id`),
  UNIQUE KEY `craft_sections_i18n_sectionId_locale_unq_idx` (`sectionId`,`locale`),
  KEY `craft_sections_i18n_locale_fk` (`locale`)
) ENGINE=InnoDB AUTO_INCREMENT=3 DEFAULT CHARSET=utf8 COLLATE=utf8_unicode_ci;

--
-- Data for table `craft_sections_i18n`
--

INSERT INTO `craft_sections_i18n` (`id`, `sectionId`, `locale`, `enabledByDefault`, `urlFormat`, `nestedUrlFormat`, `dateCreated`, `dateUpdated`, `uid`) VALUES
 ('1', '1', 'en_us', '0', '__home__', NULL, '2016-01-30 05:23:57', '2016-01-30 07:47:26', 'dd4c3cee-1e07-43ce-b87f-c2c1fb184634'),
 ('2', '2', 'en_us', '0', 'solutions', NULL, '2016-02-02 00:20:30', '2016-02-02 00:20:30', '1d145501-1466-4936-80db-12be8bfe794e');



DROP TABLE IF EXISTS `craft_sessions`;


--
-- Schema for table `craft_sessions`
--
CREATE TABLE `craft_sessions` (
  `id` int(11) NOT NULL AUTO_INCREMENT,
  `userId` int(11) NOT NULL,
  `token` char(100) COLLATE utf8_unicode_ci NOT NULL,
  `dateCreated` datetime NOT NULL,
  `dateUpdated` datetime NOT NULL,
  `uid` char(36) COLLATE utf8_unicode_ci NOT NULL DEFAULT '0',
  PRIMARY KEY (`id`),
  KEY `craft_sessions_uid_idx` (`uid`),
  KEY `craft_sessions_token_idx` (`token`),
  KEY `craft_sessions_dateUpdated_idx` (`dateUpdated`),
  KEY `craft_sessions_userId_fk` (`userId`)
) ENGINE=InnoDB AUTO_INCREMENT=13 DEFAULT CHARSET=utf8 COLLATE=utf8_unicode_ci;

DROP TABLE IF EXISTS `craft_shunnedmessages`;


--
-- Schema for table `craft_shunnedmessages`
--
CREATE TABLE `craft_shunnedmessages` (
  `id` int(11) NOT NULL AUTO_INCREMENT,
  `userId` int(11) NOT NULL,
  `message` varchar(255) COLLATE utf8_unicode_ci NOT NULL,
  `expiryDate` datetime DEFAULT NULL,
  `dateCreated` datetime NOT NULL,
  `dateUpdated` datetime NOT NULL,
  `uid` char(36) COLLATE utf8_unicode_ci NOT NULL DEFAULT '0',
  PRIMARY KEY (`id`),
  UNIQUE KEY `craft_shunnedmessages_userId_message_unq_idx` (`userId`,`message`)
) ENGINE=InnoDB DEFAULT CHARSET=utf8 COLLATE=utf8_unicode_ci;

DROP TABLE IF EXISTS `craft_structureelements`;


--
-- Schema for table `craft_structureelements`
--
CREATE TABLE `craft_structureelements` (
  `id` int(11) NOT NULL AUTO_INCREMENT,
  `structureId` int(11) NOT NULL,
  `elementId` int(11) DEFAULT NULL,
  `root` int(11) unsigned DEFAULT NULL,
  `lft` int(11) unsigned NOT NULL,
  `rgt` int(11) unsigned NOT NULL,
  `level` smallint(6) unsigned NOT NULL,
  `dateCreated` datetime NOT NULL,
  `dateUpdated` datetime NOT NULL,
  `uid` char(36) COLLATE utf8_unicode_ci NOT NULL DEFAULT '0',
  PRIMARY KEY (`id`),
  UNIQUE KEY `craft_structureelements_structureId_elementId_unq_idx` (`structureId`,`elementId`),
  KEY `craft_structureelements_root_idx` (`root`),
  KEY `craft_structureelements_lft_idx` (`lft`),
  KEY `craft_structureelements_rgt_idx` (`rgt`),
  KEY `craft_structureelements_level_idx` (`level`),
  KEY `craft_structureelements_elementId_fk` (`elementId`)
) ENGINE=InnoDB DEFAULT CHARSET=utf8 COLLATE=utf8_unicode_ci;

DROP TABLE IF EXISTS `craft_structures`;


--
-- Schema for table `craft_structures`
--
CREATE TABLE `craft_structures` (
  `id` int(11) NOT NULL AUTO_INCREMENT,
  `maxLevels` smallint(6) unsigned DEFAULT NULL,
  `dateCreated` datetime NOT NULL,
  `dateUpdated` datetime NOT NULL,
  `uid` char(36) COLLATE utf8_unicode_ci NOT NULL DEFAULT '0',
  PRIMARY KEY (`id`)
) ENGINE=InnoDB DEFAULT CHARSET=utf8 COLLATE=utf8_unicode_ci;

DROP TABLE IF EXISTS `craft_systemsettings`;


--
-- Schema for table `craft_systemsettings`
--
CREATE TABLE `craft_systemsettings` (
  `id` int(11) NOT NULL AUTO_INCREMENT,
  `category` varchar(15) COLLATE utf8_unicode_ci NOT NULL,
  `settings` text COLLATE utf8_unicode_ci,
  `dateCreated` datetime NOT NULL,
  `dateUpdated` datetime NOT NULL,
  `uid` char(36) COLLATE utf8_unicode_ci NOT NULL DEFAULT '0',
  PRIMARY KEY (`id`),
  UNIQUE KEY `craft_systemsettings_category_unq_idx` (`category`)
) ENGINE=InnoDB AUTO_INCREMENT=2 DEFAULT CHARSET=utf8 COLLATE=utf8_unicode_ci;

--
-- Data for table `craft_systemsettings`
--

INSERT INTO `craft_systemsettings` (`id`, `category`, `settings`, `dateCreated`, `dateUpdated`, `uid`) VALUES
 ('1', 'email', '{\"protocol\":\"php\",\"emailAddress\":\"dustin.christopher.chan@gmail.com\",\"senderName\":\"Paradata.io\"}', '2016-01-30 05:23:56', '2016-01-30 05:23:56', 'd068876c-d875-49fa-bd57-ada3cafa2c3e');



DROP TABLE IF EXISTS `craft_taggroups`;


--
-- Schema for table `craft_taggroups`
--
CREATE TABLE `craft_taggroups` (
  `id` int(11) NOT NULL AUTO_INCREMENT,
  `name` varchar(255) COLLATE utf8_unicode_ci NOT NULL,
  `handle` varchar(255) COLLATE utf8_unicode_ci NOT NULL,
  `fieldLayoutId` int(10) DEFAULT NULL,
  `dateCreated` datetime NOT NULL,
  `dateUpdated` datetime NOT NULL,
  `uid` char(36) COLLATE utf8_unicode_ci NOT NULL DEFAULT '0',
  PRIMARY KEY (`id`),
  UNIQUE KEY `craft_taggroups_name_unq_idx` (`name`),
  UNIQUE KEY `craft_taggroups_handle_unq_idx` (`handle`),
  KEY `craft_taggroups_fieldLayoutId_fk` (`fieldLayoutId`)
) ENGINE=InnoDB AUTO_INCREMENT=2 DEFAULT CHARSET=utf8 COLLATE=utf8_unicode_ci;

--
-- Data for table `craft_taggroups`
--

INSERT INTO `craft_taggroups` (`id`, `name`, `handle`, `fieldLayoutId`, `dateCreated`, `dateUpdated`, `uid`) VALUES
 ('1', 'Default', 'default', '1', '2016-01-30 05:23:56', '2016-01-30 05:23:56', '5ce914ec-a77e-4182-85a4-475e7841d2ee');



DROP TABLE IF EXISTS `craft_tags`;


--
-- Schema for table `craft_tags`
--
CREATE TABLE `craft_tags` (
  `id` int(11) NOT NULL,
  `groupId` int(11) NOT NULL,
  `dateCreated` datetime NOT NULL,
  `dateUpdated` datetime NOT NULL,
  `uid` char(36) COLLATE utf8_unicode_ci NOT NULL DEFAULT '0',
  PRIMARY KEY (`id`),
  KEY `craft_tags_groupId_fk` (`groupId`)
) ENGINE=InnoDB DEFAULT CHARSET=utf8 COLLATE=utf8_unicode_ci;

DROP TABLE IF EXISTS `craft_tasks`;


--
-- Schema for table `craft_tasks`
--
CREATE TABLE `craft_tasks` (
  `id` int(11) NOT NULL AUTO_INCREMENT,
  `root` int(11) unsigned DEFAULT NULL,
  `lft` int(11) unsigned NOT NULL,
  `rgt` int(11) unsigned NOT NULL,
  `level` smallint(6) unsigned NOT NULL,
  `currentStep` int(11) unsigned DEFAULT NULL,
  `totalSteps` int(11) unsigned DEFAULT NULL,
  `status` enum('pending','error','running') COLLATE utf8_unicode_ci DEFAULT NULL,
  `type` varchar(150) COLLATE utf8_unicode_ci NOT NULL,
  `description` varchar(255) COLLATE utf8_unicode_ci DEFAULT NULL,
  `settings` text COLLATE utf8_unicode_ci,
  `dateCreated` datetime NOT NULL,
  `dateUpdated` datetime NOT NULL,
  `uid` char(36) COLLATE utf8_unicode_ci NOT NULL DEFAULT '0',
  PRIMARY KEY (`id`),
  KEY `craft_tasks_root_idx` (`root`),
  KEY `craft_tasks_lft_idx` (`lft`),
  KEY `craft_tasks_rgt_idx` (`rgt`),
  KEY `craft_tasks_level_idx` (`level`)
) ENGINE=InnoDB AUTO_INCREMENT=24 DEFAULT CHARSET=utf8 COLLATE=utf8_unicode_ci;

DROP TABLE IF EXISTS `craft_templatecachecriteria`;


--
-- Schema for table `craft_templatecachecriteria`
--
CREATE TABLE `craft_templatecachecriteria` (
  `id` int(11) NOT NULL AUTO_INCREMENT,
  `cacheId` int(11) NOT NULL,
  `type` varchar(150) COLLATE utf8_unicode_ci NOT NULL,
  `criteria` text COLLATE utf8_unicode_ci NOT NULL,
  PRIMARY KEY (`id`),
  KEY `craft_templatecachecriteria_cacheId_fk` (`cacheId`),
  KEY `craft_templatecachecriteria_type_idx` (`type`)
) ENGINE=InnoDB DEFAULT CHARSET=utf8 COLLATE=utf8_unicode_ci;

DROP TABLE IF EXISTS `craft_templatecacheelements`;


--
-- Schema for table `craft_templatecacheelements`
--
CREATE TABLE `craft_templatecacheelements` (
  `cacheId` int(11) NOT NULL,
  `elementId` int(11) NOT NULL,
  KEY `craft_templatecacheelements_cacheId_fk` (`cacheId`),
  KEY `craft_templatecacheelements_elementId_fk` (`elementId`)
) ENGINE=InnoDB DEFAULT CHARSET=utf8 COLLATE=utf8_unicode_ci;

DROP TABLE IF EXISTS `craft_templatecaches`;


--
-- Schema for table `craft_templatecaches`
--
CREATE TABLE `craft_templatecaches` (
  `id` int(11) NOT NULL AUTO_INCREMENT,
  `cacheKey` varchar(255) COLLATE utf8_unicode_ci NOT NULL,
  `locale` char(12) COLLATE utf8_unicode_ci NOT NULL,
  `path` varchar(255) COLLATE utf8_unicode_ci DEFAULT NULL,
  `expiryDate` datetime NOT NULL,
  `body` mediumtext COLLATE utf8_unicode_ci NOT NULL,
  PRIMARY KEY (`id`),
  KEY `craft_templatecaches_expiryDate_cacheKey_locale_path_idx` (`expiryDate`,`cacheKey`,`locale`,`path`),
  KEY `craft_templatecaches_locale_fk` (`locale`)
) ENGINE=InnoDB DEFAULT CHARSET=utf8 COLLATE=utf8_unicode_ci;

DROP TABLE IF EXISTS `craft_tokens`;


--
-- Schema for table `craft_tokens`
--
CREATE TABLE `craft_tokens` (
  `id` int(11) NOT NULL AUTO_INCREMENT,
  `token` char(32) COLLATE utf8_unicode_ci NOT NULL,
  `route` text COLLATE utf8_unicode_ci,
  `usageLimit` tinyint(3) unsigned DEFAULT NULL,
  `usageCount` tinyint(3) unsigned DEFAULT NULL,
  `expiryDate` datetime NOT NULL,
  `dateCreated` datetime NOT NULL,
  `dateUpdated` datetime NOT NULL,
  `uid` char(36) COLLATE utf8_unicode_ci NOT NULL DEFAULT '0',
  PRIMARY KEY (`id`),
  UNIQUE KEY `craft_tokens_token_unq_idx` (`token`),
  KEY `craft_tokens_expiryDate_idx` (`expiryDate`)
) ENGINE=InnoDB DEFAULT CHARSET=utf8 COLLATE=utf8_unicode_ci;

DROP TABLE IF EXISTS `craft_usergroups`;


--
-- Schema for table `craft_usergroups`
--
CREATE TABLE `craft_usergroups` (
  `id` int(11) NOT NULL AUTO_INCREMENT,
  `name` varchar(255) COLLATE utf8_unicode_ci NOT NULL,
  `handle` varchar(255) COLLATE utf8_unicode_ci NOT NULL,
  `dateCreated` datetime NOT NULL,
  `dateUpdated` datetime NOT NULL,
  `uid` char(36) COLLATE utf8_unicode_ci NOT NULL DEFAULT '0',
  PRIMARY KEY (`id`)
) ENGINE=InnoDB DEFAULT CHARSET=utf8 COLLATE=utf8_unicode_ci;

DROP TABLE IF EXISTS `craft_usergroups_users`;


--
-- Schema for table `craft_usergroups_users`
--
CREATE TABLE `craft_usergroups_users` (
  `id` int(11) NOT NULL AUTO_INCREMENT,
  `groupId` int(11) NOT NULL,
  `userId` int(11) NOT NULL,
  `dateCreated` datetime NOT NULL,
  `dateUpdated` datetime NOT NULL,
  `uid` char(36) COLLATE utf8_unicode_ci NOT NULL DEFAULT '0',
  PRIMARY KEY (`id`),
  UNIQUE KEY `craft_usergroups_users_groupId_userId_unq_idx` (`groupId`,`userId`),
  KEY `craft_usergroups_users_userId_fk` (`userId`)
) ENGINE=InnoDB DEFAULT CHARSET=utf8 COLLATE=utf8_unicode_ci;

DROP TABLE IF EXISTS `craft_userpermissions`;


--
-- Schema for table `craft_userpermissions`
--
CREATE TABLE `craft_userpermissions` (
  `id` int(11) NOT NULL AUTO_INCREMENT,
  `name` varchar(255) COLLATE utf8_unicode_ci NOT NULL,
  `dateCreated` datetime NOT NULL,
  `dateUpdated` datetime NOT NULL,
  `uid` char(36) COLLATE utf8_unicode_ci NOT NULL DEFAULT '0',
  PRIMARY KEY (`id`),
  UNIQUE KEY `craft_userpermissions_name_unq_idx` (`name`)
) ENGINE=InnoDB DEFAULT CHARSET=utf8 COLLATE=utf8_unicode_ci;

DROP TABLE IF EXISTS `craft_userpermissions_usergroups`;


--
-- Schema for table `craft_userpermissions_usergroups`
--
CREATE TABLE `craft_userpermissions_usergroups` (
  `id` int(11) NOT NULL AUTO_INCREMENT,
  `permissionId` int(11) NOT NULL,
  `groupId` int(11) NOT NULL,
  `dateCreated` datetime NOT NULL,
  `dateUpdated` datetime NOT NULL,
  `uid` char(36) COLLATE utf8_unicode_ci NOT NULL DEFAULT '0',
  PRIMARY KEY (`id`),
  UNIQUE KEY `craft_userpermissions_usergroups_permissionId_groupId_unq_idx` (`permissionId`,`groupId`),
  KEY `craft_userpermissions_usergroups_groupId_fk` (`groupId`)
) ENGINE=InnoDB DEFAULT CHARSET=utf8 COLLATE=utf8_unicode_ci;

DROP TABLE IF EXISTS `craft_userpermissions_users`;


--
-- Schema for table `craft_userpermissions_users`
--
CREATE TABLE `craft_userpermissions_users` (
  `id` int(11) NOT NULL AUTO_INCREMENT,
  `permissionId` int(11) NOT NULL,
  `userId` int(11) NOT NULL,
  `dateCreated` datetime NOT NULL,
  `dateUpdated` datetime NOT NULL,
  `uid` char(36) COLLATE utf8_unicode_ci NOT NULL DEFAULT '0',
  PRIMARY KEY (`id`),
  UNIQUE KEY `craft_userpermissions_users_permissionId_userId_unq_idx` (`permissionId`,`userId`),
  KEY `craft_userpermissions_users_userId_fk` (`userId`)
) ENGINE=InnoDB DEFAULT CHARSET=utf8 COLLATE=utf8_unicode_ci;

DROP TABLE IF EXISTS `craft_users`;


--
-- Schema for table `craft_users`
--
CREATE TABLE `craft_users` (
  `id` int(11) NOT NULL,
  `username` varchar(100) COLLATE utf8_unicode_ci NOT NULL,
  `photo` varchar(100) COLLATE utf8_unicode_ci DEFAULT NULL,
  `firstName` varchar(100) COLLATE utf8_unicode_ci DEFAULT NULL,
  `lastName` varchar(100) COLLATE utf8_unicode_ci DEFAULT NULL,
  `email` varchar(255) COLLATE utf8_unicode_ci NOT NULL,
  `password` char(255) COLLATE utf8_unicode_ci DEFAULT NULL,
  `preferredLocale` char(12) COLLATE utf8_unicode_ci DEFAULT NULL,
  `weekStartDay` tinyint(1) unsigned NOT NULL DEFAULT '0',
  `admin` tinyint(1) unsigned NOT NULL DEFAULT '0',
  `client` tinyint(1) unsigned NOT NULL DEFAULT '0',
  `locked` tinyint(1) unsigned NOT NULL DEFAULT '0',
  `suspended` tinyint(1) unsigned NOT NULL DEFAULT '0',
  `pending` tinyint(1) unsigned NOT NULL DEFAULT '0',
  `archived` tinyint(1) unsigned NOT NULL DEFAULT '0',
  `lastLoginDate` datetime DEFAULT NULL,
  `lastLoginAttemptIPAddress` varchar(45) COLLATE utf8_unicode_ci DEFAULT NULL,
  `invalidLoginWindowStart` datetime DEFAULT NULL,
  `invalidLoginCount` tinyint(4) unsigned DEFAULT NULL,
  `lastInvalidLoginDate` datetime DEFAULT NULL,
  `lockoutDate` datetime DEFAULT NULL,
  `verificationCode` char(100) COLLATE utf8_unicode_ci DEFAULT NULL,
  `verificationCodeIssuedDate` datetime DEFAULT NULL,
  `unverifiedEmail` varchar(255) COLLATE utf8_unicode_ci DEFAULT NULL,
  `passwordResetRequired` tinyint(1) unsigned NOT NULL DEFAULT '0',
  `lastPasswordChangeDate` datetime DEFAULT NULL,
  `dateCreated` datetime NOT NULL,
  `dateUpdated` datetime NOT NULL,
  `uid` char(36) COLLATE utf8_unicode_ci NOT NULL DEFAULT '0',
  PRIMARY KEY (`id`),
  UNIQUE KEY `craft_users_username_unq_idx` (`username`),
  UNIQUE KEY `craft_users_email_unq_idx` (`email`),
  KEY `craft_users_verificationCode_idx` (`verificationCode`),
  KEY `craft_users_uid_idx` (`uid`),
  KEY `craft_users_preferredLocale_fk` (`preferredLocale`)
) ENGINE=InnoDB DEFAULT CHARSET=utf8 COLLATE=utf8_unicode_ci;

--
-- Data for table `craft_users`
--

INSERT INTO `craft_users` (`id`, `username`, `photo`, `firstName`, `lastName`, `email`, `password`, `preferredLocale`, `weekStartDay`, `admin`, `client`, `locked`, `suspended`, `pending`, `archived`, `lastLoginDate`, `lastLoginAttemptIPAddress`, `invalidLoginWindowStart`, `invalidLoginCount`, `lastInvalidLoginDate`, `lockoutDate`, `verificationCode`, `verificationCodeIssuedDate`, `unverifiedEmail`, `passwordResetRequired`, `lastPasswordChangeDate`, `dateCreated`, `dateUpdated`, `uid`) VALUES
 ('1', 'dustin.christopher.chan', NULL, NULL, NULL, 'dustin.christopher.chan@gmail.com', '$2y$13$oje.Oi67OczeyS860ag6NOyfAmmsgKt9ZglpzXNtguhGuVlZDa7cq', NULL, '0', '1', '0', '0', '0', '0', '0', '2016-02-02 01:37:27', '::1', NULL, NULL, '2016-01-30 06:41:36', NULL, NULL, NULL, NULL, '0', '2016-01-30 05:23:54', '2016-01-30 05:23:54', '2016-02-02 01:37:27', 'c9acc02a-4682-49e7-b26f-d62b2f969e83');



DROP TABLE IF EXISTS `craft_widgets`;


--
-- Schema for table `craft_widgets`
--
CREATE TABLE `craft_widgets` (
  `id` int(11) NOT NULL AUTO_INCREMENT,
  `userId` int(11) NOT NULL,
  `type` varchar(150) COLLATE utf8_unicode_ci NOT NULL,
  `sortOrder` tinyint(4) DEFAULT NULL,
  `colspan` tinyint(4) unsigned DEFAULT NULL,
  `settings` text COLLATE utf8_unicode_ci,
  `enabled` tinyint(1) unsigned NOT NULL DEFAULT '1',
  `dateCreated` datetime NOT NULL,
  `dateUpdated` datetime NOT NULL,
  `uid` char(36) COLLATE utf8_unicode_ci NOT NULL DEFAULT '0',
  PRIMARY KEY (`id`),
  KEY `craft_widgets_userId_fk` (`userId`)
) ENGINE=InnoDB AUTO_INCREMENT=5 DEFAULT CHARSET=utf8 COLLATE=utf8_unicode_ci;

--
-- Data for table `craft_widgets`
--

INSERT INTO `craft_widgets` (`id`, `userId`, `type`, `sortOrder`, `colspan`, `settings`, `enabled`, `dateCreated`, `dateUpdated`, `uid`) VALUES
 ('1', '1', 'RecentEntries', '1', '1', '{\"section\":\"*\",\"limit\":\"10\"}', '1', '2016-01-30 05:23:59', '2016-02-02 05:39:28', '3f8b0664-63d1-4535-b862-05600db9fcad'),
 ('2', '1', 'GetHelp', '2', NULL, NULL, '0', '2016-01-30 05:23:59', '2016-02-02 05:10:50', '13235f8c-41df-401e-84a5-cc2e2587c42a'),
 ('3', '1', 'Updates', '3', NULL, NULL, '0', '2016-01-30 05:23:59', '2016-02-02 05:10:52', 'b87167fa-9b53-4d4b-a981-dff9b759c0a3'),
 ('4', '1', 'Feed', '4', NULL, '{\"url\":\"https:\\/\\/craftcms.com\\/news.rss\",\"title\":\"Craft News\"}', '0', '2016-01-30 05:23:59', '2016-02-02 05:10:55', '4f55c106-1ec1-4e9a-bd04-2367c2c01be0');


--
-- Constraints for tables
--


--
-- Constraints for table `craft_assetfiles`
--
ALTER TABLE `craft_assetfiles`
	ADD CONSTRAINT `craft_assetfiles_folderId_fk` FOREIGN KEY (`folderId`) REFERENCES `craft_assetfolders` (`id`) ON DELETE CASCADE,
	ADD CONSTRAINT `craft_assetfiles_id_fk` FOREIGN KEY (`id`) REFERENCES `craft_elements` (`id`) ON DELETE CASCADE,
	ADD CONSTRAINT `craft_assetfiles_sourceId_fk` FOREIGN KEY (`sourceId`) REFERENCES `craft_assetsources` (`id`) ON DELETE CASCADE;

--
-- Constraints for table `craft_assetfolders`
--
ALTER TABLE `craft_assetfolders`
	ADD CONSTRAINT `craft_assetfolders_parentId_fk` FOREIGN KEY (`parentId`) REFERENCES `craft_assetfolders` (`id`) ON DELETE CASCADE,
	ADD CONSTRAINT `craft_assetfolders_sourceId_fk` FOREIGN KEY (`sourceId`) REFERENCES `craft_assetsources` (`id`) ON DELETE CASCADE;

--
-- Constraints for table `craft_assetindexdata`
--
ALTER TABLE `craft_assetindexdata`
	ADD CONSTRAINT `craft_assetindexdata_sourceId_fk` FOREIGN KEY (`sourceId`) REFERENCES `craft_assetsources` (`id`) ON DELETE CASCADE;

--
-- Constraints for table `craft_assetsources`
--
ALTER TABLE `craft_assetsources`
	ADD CONSTRAINT `craft_assetsources_fieldLayoutId_fk` FOREIGN KEY (`fieldLayoutId`) REFERENCES `craft_fieldlayouts` (`id`) ON DELETE SET NULL;

--
-- Constraints for table `craft_categories`
--
ALTER TABLE `craft_categories`
	ADD CONSTRAINT `craft_categories_groupId_fk` FOREIGN KEY (`groupId`) REFERENCES `craft_categorygroups` (`id`) ON DELETE CASCADE,
	ADD CONSTRAINT `craft_categories_id_fk` FOREIGN KEY (`id`) REFERENCES `craft_elements` (`id`) ON DELETE CASCADE;

--
-- Constraints for table `craft_categorygroups`
--
ALTER TABLE `craft_categorygroups`
	ADD CONSTRAINT `craft_categorygroups_fieldLayoutId_fk` FOREIGN KEY (`fieldLayoutId`) REFERENCES `craft_fieldlayouts` (`id`) ON DELETE SET NULL,
	ADD CONSTRAINT `craft_categorygroups_structureId_fk` FOREIGN KEY (`structureId`) REFERENCES `craft_structures` (`id`) ON DELETE CASCADE;

--
-- Constraints for table `craft_categorygroups_i18n`
--
ALTER TABLE `craft_categorygroups_i18n`
	ADD CONSTRAINT `craft_categorygroups_i18n_groupId_fk` FOREIGN KEY (`groupId`) REFERENCES `craft_categorygroups` (`id`) ON DELETE CASCADE,
	ADD CONSTRAINT `craft_categorygroups_i18n_locale_fk` FOREIGN KEY (`locale`) REFERENCES `craft_locales` (`locale`) ON DELETE CASCADE ON UPDATE CASCADE;

--
-- Constraints for table `craft_content`
--
ALTER TABLE `craft_content`
	ADD CONSTRAINT `craft_content_elementId_fk` FOREIGN KEY (`elementId`) REFERENCES `craft_elements` (`id`) ON DELETE CASCADE,
	ADD CONSTRAINT `craft_content_locale_fk` FOREIGN KEY (`locale`) REFERENCES `craft_locales` (`locale`) ON DELETE CASCADE ON UPDATE CASCADE;

--
-- Constraints for table `craft_elements_i18n`
--
ALTER TABLE `craft_elements_i18n`
	ADD CONSTRAINT `craft_elements_i18n_elementId_fk` FOREIGN KEY (`elementId`) REFERENCES `craft_elements` (`id`) ON DELETE CASCADE,
	ADD CONSTRAINT `craft_elements_i18n_locale_fk` FOREIGN KEY (`locale`) REFERENCES `craft_locales` (`locale`) ON DELETE CASCADE ON UPDATE CASCADE;

--
-- Constraints for table `craft_emailmessages`
--
ALTER TABLE `craft_emailmessages`
	ADD CONSTRAINT `craft_emailmessages_locale_fk` FOREIGN KEY (`locale`) REFERENCES `craft_locales` (`locale`) ON DELETE CASCADE ON UPDATE CASCADE;

--
-- Constraints for table `craft_entries`
--
ALTER TABLE `craft_entries`
	ADD CONSTRAINT `craft_entries_authorId_fk` FOREIGN KEY (`authorId`) REFERENCES `craft_users` (`id`) ON DELETE CASCADE,
	ADD CONSTRAINT `craft_entries_id_fk` FOREIGN KEY (`id`) REFERENCES `craft_elements` (`id`) ON DELETE CASCADE,
	ADD CONSTRAINT `craft_entries_sectionId_fk` FOREIGN KEY (`sectionId`) REFERENCES `craft_sections` (`id`) ON DELETE CASCADE,
	ADD CONSTRAINT `craft_entries_typeId_fk` FOREIGN KEY (`typeId`) REFERENCES `craft_entrytypes` (`id`) ON DELETE CASCADE;

--
-- Constraints for table `craft_entrydrafts`
--
ALTER TABLE `craft_entrydrafts`
	ADD CONSTRAINT `craft_entrydrafts_creatorId_fk` FOREIGN KEY (`creatorId`) REFERENCES `craft_users` (`id`) ON DELETE CASCADE,
	ADD CONSTRAINT `craft_entrydrafts_entryId_fk` FOREIGN KEY (`entryId`) REFERENCES `craft_entries` (`id`) ON DELETE CASCADE,
	ADD CONSTRAINT `craft_entrydrafts_locale_fk` FOREIGN KEY (`locale`) REFERENCES `craft_locales` (`locale`) ON DELETE CASCADE ON UPDATE CASCADE,
	ADD CONSTRAINT `craft_entrydrafts_sectionId_fk` FOREIGN KEY (`sectionId`) REFERENCES `craft_sections` (`id`) ON DELETE CASCADE;

--
-- Constraints for table `craft_entrytypes`
--
ALTER TABLE `craft_entrytypes`
	ADD CONSTRAINT `craft_entrytypes_fieldLayoutId_fk` FOREIGN KEY (`fieldLayoutId`) REFERENCES `craft_fieldlayouts` (`id`) ON DELETE SET NULL,
	ADD CONSTRAINT `craft_entrytypes_sectionId_fk` FOREIGN KEY (`sectionId`) REFERENCES `craft_sections` (`id`) ON DELETE CASCADE;

--
-- Constraints for table `craft_entryversions`
--
ALTER TABLE `craft_entryversions`
	ADD CONSTRAINT `craft_entryversions_creatorId_fk` FOREIGN KEY (`creatorId`) REFERENCES `craft_users` (`id`) ON DELETE SET NULL,
	ADD CONSTRAINT `craft_entryversions_entryId_fk` FOREIGN KEY (`entryId`) REFERENCES `craft_entries` (`id`) ON DELETE CASCADE,
	ADD CONSTRAINT `craft_entryversions_locale_fk` FOREIGN KEY (`locale`) REFERENCES `craft_locales` (`locale`) ON DELETE CASCADE ON UPDATE CASCADE,
	ADD CONSTRAINT `craft_entryversions_sectionId_fk` FOREIGN KEY (`sectionId`) REFERENCES `craft_sections` (`id`) ON DELETE CASCADE;

--
-- Constraints for table `craft_fieldlayoutfields`
--
ALTER TABLE `craft_fieldlayoutfields`
	ADD CONSTRAINT `craft_fieldlayoutfields_fieldId_fk` FOREIGN KEY (`fieldId`) REFERENCES `craft_fields` (`id`) ON DELETE CASCADE,
	ADD CONSTRAINT `craft_fieldlayoutfields_layoutId_fk` FOREIGN KEY (`layoutId`) REFERENCES `craft_fieldlayouts` (`id`) ON DELETE CASCADE,
	ADD CONSTRAINT `craft_fieldlayoutfields_tabId_fk` FOREIGN KEY (`tabId`) REFERENCES `craft_fieldlayouttabs` (`id`) ON DELETE CASCADE;

--
-- Constraints for table `craft_fieldlayouttabs`
--
ALTER TABLE `craft_fieldlayouttabs`
	ADD CONSTRAINT `craft_fieldlayouttabs_layoutId_fk` FOREIGN KEY (`layoutId`) REFERENCES `craft_fieldlayouts` (`id`) ON DELETE CASCADE;

--
-- Constraints for table `craft_fields`
--
ALTER TABLE `craft_fields`
	ADD CONSTRAINT `craft_fields_groupId_fk` FOREIGN KEY (`groupId`) REFERENCES `craft_fieldgroups` (`id`) ON DELETE CASCADE;

--
-- Constraints for table `craft_globalsets`
--
ALTER TABLE `craft_globalsets`
	ADD CONSTRAINT `craft_globalsets_fieldLayoutId_fk` FOREIGN KEY (`fieldLayoutId`) REFERENCES `craft_fieldlayouts` (`id`) ON DELETE SET NULL,
	ADD CONSTRAINT `craft_globalsets_id_fk` FOREIGN KEY (`id`) REFERENCES `craft_elements` (`id`) ON DELETE CASCADE;

--
-- Constraints for table `craft_matrixblocks`
--
ALTER TABLE `craft_matrixblocks`
	ADD CONSTRAINT `craft_matrixblocks_fieldId_fk` FOREIGN KEY (`fieldId`) REFERENCES `craft_fields` (`id`) ON DELETE CASCADE,
	ADD CONSTRAINT `craft_matrixblocks_id_fk` FOREIGN KEY (`id`) REFERENCES `craft_elements` (`id`) ON DELETE CASCADE,
	ADD CONSTRAINT `craft_matrixblocks_ownerId_fk` FOREIGN KEY (`ownerId`) REFERENCES `craft_elements` (`id`) ON DELETE CASCADE,
	ADD CONSTRAINT `craft_matrixblocks_ownerLocale_fk` FOREIGN KEY (`ownerLocale`) REFERENCES `craft_locales` (`locale`) ON DELETE CASCADE ON UPDATE CASCADE,
	ADD CONSTRAINT `craft_matrixblocks_typeId_fk` FOREIGN KEY (`typeId`) REFERENCES `craft_matrixblocktypes` (`id`) ON DELETE CASCADE;

--
-- Constraints for table `craft_matrixblocktypes`
--
ALTER TABLE `craft_matrixblocktypes`
	ADD CONSTRAINT `craft_matrixblocktypes_fieldId_fk` FOREIGN KEY (`fieldId`) REFERENCES `craft_fields` (`id`) ON DELETE CASCADE,
	ADD CONSTRAINT `craft_matrixblocktypes_fieldLayoutId_fk` FOREIGN KEY (`fieldLayoutId`) REFERENCES `craft_fieldlayouts` (`id`) ON DELETE SET NULL;

--
-- Constraints for table `craft_matrixcontent_navigationtabs`
--
ALTER TABLE `craft_matrixcontent_navigationtabs`
	ADD CONSTRAINT `craft_matrixcontent_navigationtabs_elementId_fk` FOREIGN KEY (`elementId`) REFERENCES `craft_elements` (`id`) ON DELETE CASCADE,
	ADD CONSTRAINT `craft_matrixcontent_navigationtabs_locale_fk` FOREIGN KEY (`locale`) REFERENCES `craft_locales` (`locale`) ON DELETE CASCADE ON UPDATE CASCADE;

--
-- Constraints for table `craft_matrixcontent_promocoffee`
--
ALTER TABLE `craft_matrixcontent_promocoffee`
	ADD CONSTRAINT `craft_matrixcontent_promocoffee_elementId_fk` FOREIGN KEY (`elementId`) REFERENCES `craft_elements` (`id`) ON DELETE CASCADE,
	ADD CONSTRAINT `craft_matrixcontent_promocoffee_locale_fk` FOREIGN KEY (`locale`) REFERENCES `craft_locales` (`locale`) ON DELETE CASCADE ON UPDATE CASCADE;

--
-- Constraints for table `craft_matrixcontent_threestepprocess`
--
ALTER TABLE `craft_matrixcontent_threestepprocess`
	ADD CONSTRAINT `craft_matrixcontent_threestepprocess_elementId_fk` FOREIGN KEY (`elementId`) REFERENCES `craft_elements` (`id`) ON DELETE CASCADE,
	ADD CONSTRAINT `craft_matrixcontent_threestepprocess_locale_fk` FOREIGN KEY (`locale`) REFERENCES `craft_locales` (`locale`) ON DELETE CASCADE ON UPDATE CASCADE;

--
-- Constraints for table `craft_migrations`
--
ALTER TABLE `craft_migrations`
	ADD CONSTRAINT `craft_migrations_pluginId_fk` FOREIGN KEY (`pluginId`) REFERENCES `craft_plugins` (`id`) ON DELETE CASCADE;

--
-- Constraints for table `craft_relations`
--
ALTER TABLE `craft_relations`
	ADD CONSTRAINT `craft_relations_fieldId_fk` FOREIGN KEY (`fieldId`) REFERENCES `craft_fields` (`id`) ON DELETE CASCADE,
	ADD CONSTRAINT `craft_relations_sourceId_fk` FOREIGN KEY (`sourceId`) REFERENCES `craft_elements` (`id`) ON DELETE CASCADE,
	ADD CONSTRAINT `craft_relations_sourceLocale_fk` FOREIGN KEY (`sourceLocale`) REFERENCES `craft_locales` (`locale`) ON DELETE CASCADE ON UPDATE CASCADE,
	ADD CONSTRAINT `craft_relations_targetId_fk` FOREIGN KEY (`targetId`) REFERENCES `craft_elements` (`id`) ON DELETE CASCADE;

--
-- Constraints for table `craft_routes`
--
ALTER TABLE `craft_routes`
	ADD CONSTRAINT `craft_routes_locale_fk` FOREIGN KEY (`locale`) REFERENCES `craft_locales` (`locale`) ON DELETE CASCADE ON UPDATE CASCADE;

--
-- Constraints for table `craft_sections`
--
ALTER TABLE `craft_sections`
	ADD CONSTRAINT `craft_sections_structureId_fk` FOREIGN KEY (`structureId`) REFERENCES `craft_structures` (`id`) ON DELETE SET NULL;

--
-- Constraints for table `craft_sections_i18n`
--
ALTER TABLE `craft_sections_i18n`
	ADD CONSTRAINT `craft_sections_i18n_locale_fk` FOREIGN KEY (`locale`) REFERENCES `craft_locales` (`locale`) ON DELETE CASCADE ON UPDATE CASCADE,
	ADD CONSTRAINT `craft_sections_i18n_sectionId_fk` FOREIGN KEY (`sectionId`) REFERENCES `craft_sections` (`id`) ON DELETE CASCADE;

--
-- Constraints for table `craft_sessions`
--
ALTER TABLE `craft_sessions`
	ADD CONSTRAINT `craft_sessions_userId_fk` FOREIGN KEY (`userId`) REFERENCES `craft_users` (`id`) ON DELETE CASCADE;

--
-- Constraints for table `craft_shunnedmessages`
--
ALTER TABLE `craft_shunnedmessages`
	ADD CONSTRAINT `craft_shunnedmessages_userId_fk` FOREIGN KEY (`userId`) REFERENCES `craft_users` (`id`) ON DELETE CASCADE;

--
-- Constraints for table `craft_structureelements`
--
ALTER TABLE `craft_structureelements`
	ADD CONSTRAINT `craft_structureelements_elementId_fk` FOREIGN KEY (`elementId`) REFERENCES `craft_elements` (`id`) ON DELETE CASCADE,
	ADD CONSTRAINT `craft_structureelements_structureId_fk` FOREIGN KEY (`structureId`) REFERENCES `craft_structures` (`id`) ON DELETE CASCADE;

--
-- Constraints for table `craft_taggroups`
--
ALTER TABLE `craft_taggroups`
	ADD CONSTRAINT `craft_taggroups_fieldLayoutId_fk` FOREIGN KEY (`fieldLayoutId`) REFERENCES `craft_fieldlayouts` (`id`) ON DELETE SET NULL;

--
-- Constraints for table `craft_tags`
--
ALTER TABLE `craft_tags`
	ADD CONSTRAINT `craft_tags_groupId_fk` FOREIGN KEY (`groupId`) REFERENCES `craft_taggroups` (`id`) ON DELETE CASCADE,
	ADD CONSTRAINT `craft_tags_id_fk` FOREIGN KEY (`id`) REFERENCES `craft_elements` (`id`) ON DELETE CASCADE;

--
-- Constraints for table `craft_templatecachecriteria`
--
ALTER TABLE `craft_templatecachecriteria`
	ADD CONSTRAINT `craft_templatecachecriteria_cacheId_fk` FOREIGN KEY (`cacheId`) REFERENCES `craft_templatecaches` (`id`) ON DELETE CASCADE;

--
-- Constraints for table `craft_templatecacheelements`
--
ALTER TABLE `craft_templatecacheelements`
	ADD CONSTRAINT `craft_templatecacheelements_cacheId_fk` FOREIGN KEY (`cacheId`) REFERENCES `craft_templatecaches` (`id`) ON DELETE CASCADE,
	ADD CONSTRAINT `craft_templatecacheelements_elementId_fk` FOREIGN KEY (`elementId`) REFERENCES `craft_elements` (`id`) ON DELETE CASCADE;

--
-- Constraints for table `craft_templatecaches`
--
ALTER TABLE `craft_templatecaches`
	ADD CONSTRAINT `craft_templatecaches_locale_fk` FOREIGN KEY (`locale`) REFERENCES `craft_locales` (`locale`) ON DELETE CASCADE ON UPDATE CASCADE;

--
-- Constraints for table `craft_usergroups_users`
--
ALTER TABLE `craft_usergroups_users`
	ADD CONSTRAINT `craft_usergroups_users_groupId_fk` FOREIGN KEY (`groupId`) REFERENCES `craft_usergroups` (`id`) ON DELETE CASCADE,
	ADD CONSTRAINT `craft_usergroups_users_userId_fk` FOREIGN KEY (`userId`) REFERENCES `craft_users` (`id`) ON DELETE CASCADE;

--
-- Constraints for table `craft_userpermissions_usergroups`
--
ALTER TABLE `craft_userpermissions_usergroups`
	ADD CONSTRAINT `craft_userpermissions_usergroups_groupId_fk` FOREIGN KEY (`groupId`) REFERENCES `craft_usergroups` (`id`) ON DELETE CASCADE,
	ADD CONSTRAINT `craft_userpermissions_usergroups_permissionId_fk` FOREIGN KEY (`permissionId`) REFERENCES `craft_userpermissions` (`id`) ON DELETE CASCADE;

--
-- Constraints for table `craft_userpermissions_users`
--
ALTER TABLE `craft_userpermissions_users`
	ADD CONSTRAINT `craft_userpermissions_users_permissionId_fk` FOREIGN KEY (`permissionId`) REFERENCES `craft_userpermissions` (`id`) ON DELETE CASCADE,
	ADD CONSTRAINT `craft_userpermissions_users_userId_fk` FOREIGN KEY (`userId`) REFERENCES `craft_users` (`id`) ON DELETE CASCADE;

--
-- Constraints for table `craft_users`
--
ALTER TABLE `craft_users`
	ADD CONSTRAINT `craft_users_id_fk` FOREIGN KEY (`id`) REFERENCES `craft_elements` (`id`) ON DELETE CASCADE,
	ADD CONSTRAINT `craft_users_preferredLocale_fk` FOREIGN KEY (`preferredLocale`) REFERENCES `craft_locales` (`locale`) ON DELETE SET NULL ON UPDATE CASCADE;

--
-- Constraints for table `craft_widgets`
--
ALTER TABLE `craft_widgets`
	ADD CONSTRAINT `craft_widgets_userId_fk` FOREIGN KEY (`userId`) REFERENCES `craft_users` (`id`) ON DELETE CASCADE;

SET FOREIGN_KEY_CHECKS = 1;
